DIRECTORY,FILE,CONF,TEXT
test_images,DSC_0017.JPG,75.0,"['#spreadconfettinotthevirus', '|']"
test_images,DSC_0017.JPG,0.0,['’']
test_images,DSC_0017.JPG,26.0,['®|']
test_images,DSC_0017.JPG,3.0,['‘']
test_images,DSC_0017.JPG,58.0,['PO']
test_images,DSC_0017.JPG,10.0,['S']
test_images,DSC_0017.JPG,88.0,['=']
test_images,DSC_0017.JPG,92.5,"['tiftung', 'Berliner']"
test_images,DSC_0017.JPG,53.0,['Cornelsen']
test_images,DSC_0017.JPG,55.0,['X.']
test_images,DSC_0017.JPG,71.5,"['IS', 'Ableton']"
test_images,DSC_0017.JPG,37.0,"['LIN', 'ALIN']"
test_images,DSC_0017.JPG,72.0,['ScHyLKINO']
test_images,DSC_0017.JPG,60.0,"['medisnoar', 'd']"
test_images,DSC_0017.JPG,25.0,['oe']
test_images,DSC_0017.JPG,23.0,['f=']
test_images,DSC_0017.JPG,63.0,['=']
test_images,DSC_0017.JPG,85.0,['|']
test_images,DSC_0017.JPG,0.0,['a']
test_images,DSC_0017.JPG,75.0,"['|', '—']"
test_images,DSC_0017.JPG,93.0,"['AGENTA', 'MOON']"
test_images,DSC_0017.JPG,13.0,['Da']
test_images,DSC_0017.JPG,35.0,['he']
test_images,DSC_0017.JPG,33.0,['+']
test_images,DSC_0017.JPG,11.0,['(a']
test_images,DSC_0017.JPG,47.0,['Wn']
test_images,DSC_0017.JPG,65.0,['>']
test_images,DSC_0017.JPG,22.0,['Ea']
test_images,DSC_0017.JPG,0.0,['h']
test_images,DSC_0017.JPG,47.0,['ft']
test_images,DSC_0017.JPG,58.0,['Yu']
test_images,DSC_0017.JPG,73.0,['*']
test_images,DSC_0017.JPG,7.0,['AH']
test_images,DSC_0017.JPG,93.5,"['EUES', 'ENTDECKEN']"
test_images,DSC_0017.JPG,50.0,['a']
test_images,DSC_0017.JPG,39.0,['ZW']
test_images,DSC_0017.JPG,60.0,['A']
test_images,DSC_0017.JPG,19.0,['+']
test_images,DSC_0017.JPG,85.0,['11.2020']
test_images,DSC_0017.JPG,64.33333333333333,"['1710.', '-', '01']"
test_images,DSC_0017.JPG,92.0,"['LEIPZIGER', 'PLATZ']"
test_images,DSC_0017.JPG,76.66666666666667,"['""MAGENTA', 'MOON', 'GARDEN,']"
test_images,DSC_0017.JPG,96.0,"['WORKSHOPS,', 'TALKS']"
test_images,DSC_0017.JPG,93.0,"['UND', 'VIELES', 'MEHR']"
test_images,DSC_0017.JPG,19.5,"['ER', 'CT']"
test_images,DSC_0017.JPG,21.0,['Sn']
test_images,DSC_0017.JPG,36.0,['me']
test_images,DSC_0017.JPG,44.0,['2)']
test_images,DSC_0017.JPG,30.0,[')']
test_images,DSC_0017.JPG,95.0,"['Jetzt', 'registrieren', 'auf']"
test_images,DSC_0017.JPG,10.0,['3']
test_images,DSC_0017.JPG,75.0,['A']
test_images,DSC_0017.JPG,17.0,['ew']
test_images,DSC_0017.JPG,48.0,['Li']
test_images,DSC_0017.JPG,89.0,['www.magentamoon.de']
test_images,DSC_0017.JPG,57.0,['—']
test_images,DSC_0017.JPG,18.0,['SR']
test_images,DSC_0017.JPG,40.0,['pa.']
test_images,DSC_0017.JPG,54.0,['A']
test_images,DSC_0017.JPG,47.0,['YY.']
test_images,DSC_0017.JPG,86.0,['IER']
test_images,DSC_0017.JPG,1.0,['i']
test_images,DSC_0017.JPG,30.0,['Za']
test_images,DSC_0017.JPG,24.0,['A)']
test_images,DSC_0017.JPG,68.0,['»']
test_images,DSC_0017.JPG,62.0,['ATIEF']
test_images,DSC_0017.JPG,94.0,"['|', 'VERBOT']"
test_images,DSC_0017.JPG,52.0,['0']
test_images,DSC_0017.JPG,24.0,['4']
test_images,DSC_0017.JPG,3.0,['U']
test_images,DSC_0017.JPG,30.0,['oe']
test_images,DSC_0017.JPG,0.0,['*']
test_images,DSC_0017.JPG,37.0,['gd']
test_images,DSC_0017.JPG,73.0,['#']
test_images,DSC_0017.JPG,32.0,['He']
test_images,DSC_0017.JPG,35.0,['Foe']
test_images,DSC_0017.JPG,44.0,['hi']
test_images,DSC_0017.JPG,0.0,['>']
test_images,DSC_0017.JPG,43.0,['Fs']
test_images,DSC_0017.JPG,29.0,['ror']
test_images,DSC_0017.JPG,23.0,['on']
test_images,DSC_0017.JPG,77.0,['&']
test_images,DSC_0017.JPG,26.0,['id']
test_images,DSC_0017.JPG,28.0,['a']
test_images,DSC_0017.JPG,73.0,['“']
test_images,DSC_0017.JPG,14.0,['A']
test_images,DSC_0017.JPG,18.0,['EEE']
test_images,DSC_0017.JPG,50.0,['1']
test_images,DSC_0017.JPG,41.0,['4']
test_images,DSC_0017.JPG,0.0,['es']
test_images,DSC_0017.JPG,16.0,['EA']
test_images,DSC_0017.JPG,58.0,['A']
test_images,DSC_0017.JPG,44.0,['hi']
test_images,DSC_0017.JPG,58.0,['4']
test_images,DSC_0017.JPG,44.0,['id']
test_images,DSC_0017.JPG,35.5,"['hi', 'der']"
test_images,DSC_0017.JPG,41.0,['%.']
test_images,DSC_0017.JPG,32.0,['“Sa']
test_images,DSC_0017.JPG,14.0,['a']
test_images,DSC_0017.JPG,16.0,['A']
test_images,DSC_0017.JPG,30.0,['>']
test_images,DSC_0017.JPG,74.0,['=']
test_images,DSC_0017.JPG,17.0,['a']
test_images,DSC_0017.JPG,35.0,['SE']
test_images,DSC_0017.JPG,20.0,['ge']
test_images,DSC_0017.JPG,13.0,"['SN,']"
test_images,DSC_0017.JPG,22.0,['en']
test_images,DSC_0017.JPG,0.0,['>']
test_images,DSC_0017.JPG,17.0,['bd.']
test_images,DSC_0017.JPG,2.0,['wR']
test_images,DSC_0017.JPG,0.0,['5']
test_images,DSC_0017.JPG,53.0,['5']
test_images,DSC_0017.JPG,29.0,['4']
test_images,DSC_0017.JPG,38.0,['>']
test_images,DSC_0017.JPG,0.0,['ya']
test_images,DSC_0017.JPG,27.0,"['oe,']"
test_images,DSC_0017.JPG,18.0,['Er]']
test_images,DSC_0017.JPG,22.0,['a.']
test_images,DSC_0017.JPG,18.0,"['Ll', 'En']"
test_images,DSC_0017.JPG,41.0,['NM']
test_images,DSC_0018.JPG,48.0,['Te']
test_images,DSC_0018.JPG,16.0,"['hey,']"
test_images,DSC_0018.JPG,33.0,"['a', '=']"
test_images,DSC_0018.JPG,10.0,['Di']
test_images,DSC_0018.JPG,51.5,"['>', 'za']"
test_images,DSC_0018.JPG,20.0,['Rr']
test_images,DSC_0018.JPG,35.0,['3']
test_images,DSC_0018.JPG,64.0,['3']
test_images,DSC_0018.JPG,18.0,['Se']
test_images,DSC_0018.JPG,23.0,['Ka.']
test_images,DSC_0018.JPG,34.0,['Es']
test_images,DSC_0018.JPG,41.0,['x']
test_images,DSC_0018.JPG,0.0,['DS']
test_images,DSC_0018.JPG,34.0,['N']
test_images,DSC_0018.JPG,84.0,['>']
test_images,DSC_0018.JPG,39.0,['Lo»']
test_images,DSC_0018.JPG,52.0,['We']
test_images,DSC_0018.JPG,17.0,['aN']
test_images,DSC_0018.JPG,46.0,['ws']
test_images,DSC_0018.JPG,53.5,"['ST', '3']"
test_images,DSC_0018.JPG,43.0,['=']
test_images,DSC_0018.JPG,0.0,['We']
test_images,DSC_0018.JPG,22.5,"['SS', 'A']"
test_images,DSC_0018.JPG,24.0,['oT']
test_images,DSC_0018.JPG,54.0,['%']
test_images,DSC_0018.JPG,43.0,['Alm']
test_images,DSC_0018.JPG,14.0,['x.']
test_images,DSC_0018.JPG,55.0,['wo']
test_images,DSC_0018.JPG,42.0,['x']
test_images,DSC_0018.JPG,83.0,['©']
test_images,DSC_0018.JPG,21.0,['A“']
test_images,DSC_0018.JPG,22.0,['=']
test_images,DSC_0018.JPG,26.0,"['Ne', 're']"
test_images,DSC_0018.JPG,24.0,['wm']
test_images,DSC_0018.JPG,36.0,['Bao‘']
test_images,DSC_0018.JPG,24.333333333333332,"['TA', 'zn', 'av']"
test_images,DSC_0018.JPG,40.0,['Sm']
test_images,DSC_0018.JPG,32.0,['Zn']
test_images,DSC_0018.JPG,42.0,"['pant', '1']"
test_images,DSC_0018.JPG,42.0,"['Pruners,']"
test_images,DSC_0018.JPG,22.0,['ER']
test_images,DSC_0018.JPG,20.0,['=']
test_images,DSC_0018.JPG,0.0,['-']
test_images,DSC_0018.JPG,33.0,"['""a']"
test_images,DSC_0018.JPG,35.5,"['N', '-']"
test_images,DSC_0018.JPG,64.0,['>']
test_images,DSC_0018.JPG,31.0,['„A']
test_images,DSC_0018.JPG,24.0,['yr']
test_images,DSC_0018.JPG,57.0,['~']
test_images,DSC_0018.JPG,25.0,['bi']
test_images,DSC_0018.JPG,23.0,['Mime']
test_images,DSC_0018.JPG,10.0,['es']
test_images,DSC_0018.JPG,32.0,['pe']
test_images,DSC_0018.JPG,29.0,['>']
test_images,DSC_0018.JPG,33.0,['En']
test_images,DSC_0018.JPG,44.0,['3']
test_images,DSC_0018.JPG,0.0,['Ne']
test_images,DSC_0018.JPG,50.0,['x']
test_images,DSC_0018.JPG,44.0,['ee']
test_images,DSC_0018.JPG,9.0,['a']
test_images,DSC_0018.JPG,10.0,['bl']
test_images,DSC_0018.JPG,28.0,['SP']
test_images,DSC_0018.JPG,61.0,['~%']
test_images,DSC_0018.JPG,20.0,['ja']
test_images,DSC_0018.JPG,27.0,"['vr', '&', 'EA']"
test_images,DSC_0018.JPG,18.5,"['ss', 'BN']"
test_images,DSC_0018.JPG,49.0,['le']
test_images,DSC_0018.JPG,39.0,['SONS']
test_images,DSC_0018.JPG,24.0,['lle']
test_images,DSC_0018.JPG,27.0,['TW']
test_images,DSC_0018.JPG,32.0,['ww']
test_images,DSC_0018.JPG,0.0,['Wo']
test_images,DSC_0018.JPG,26.0,['=.']
test_images,DSC_0018.JPG,49.0,['pe']
test_images,DSC_0018.JPG,39.0,['-—']
test_images,DSC_0018.JPG,29.0,['a']
test_images,DSC_0018.JPG,86.0,['~']
test_images,DSC_0018.JPG,50.0,['Sa']
test_images,DSC_0018.JPG,31.0,['>']
test_images,DSC_0018.JPG,35.0,['=']
test_images,DSC_0018.JPG,18.0,['“SR']
test_images,DSC_0018.JPG,55.0,['ale']
test_images,DSC_0018.JPG,31.0,['Ss']
test_images,DSC_0018.JPG,16.0,['>']
test_images,DSC_0018.JPG,29.0,['=']
test_images,DSC_0018.JPG,21.0,['Ns']
test_images,DSC_0018.JPG,43.0,['man']
test_images,DSC_0018.JPG,36.0,"['A', '-']"
test_images,DSC_0018.JPG,4.0,['a']
test_images,DSC_0018.JPG,47.0,['SS']
test_images,DSC_0018.JPG,59.0,['=']
test_images,DSC_0018.JPG,59.0,['x']
test_images,DSC_0018.JPG,6.0,['oS']
test_images,DSC_0018.JPG,35.0,['an']
test_images,DSC_0018.JPG,69.0,['-']
test_images,DSC_0018.JPG,23.0,['=']
test_images,DSC_0018.JPG,41.0,['er']
test_images,DSC_0018.JPG,44.0,['ili']
test_images,DSC_0018.JPG,34.0,['=']
test_images,DSC_0018.JPG,31.0,['een']
test_images,DSC_0018.JPG,48.0,['©']
test_images,DSC_0018.JPG,40.0,"['IN', 'ADS']"
test_images,DSC_0018.JPG,34.0,['Was']
test_images,DSC_0018.JPG,54.0,['>']
test_images,DSC_0018.JPG,90.0,['>']
test_images,DSC_0018.JPG,16.5,"['ol', 'WSN']"
test_images,DSC_0018.JPG,52.0,['a']
test_images,DSC_0018.JPG,47.0,['a']
test_images,DSC_0018.JPG,38.0,['a“']
test_images,DSC_0018.JPG,35.0,['pa']
test_images,DSC_0018.JPG,41.0,['“cl']
test_images,DSC_0018.JPG,2.0,['Se']
test_images,DSC_0018.JPG,40.0,['—']
test_images,DSC_0018.JPG,69.0,['~']
test_images,DSC_0018.JPG,44.0,['w']
test_images,DSC_0018.JPG,48.5,"['Vz', '-']"
test_images,DSC_0018.JPG,59.5,"['>', '—e-']"
test_images,DSC_0018.JPG,45.0,['S']
test_images,DSC_0018.JPG,21.0,['XD']
test_images,DSC_0018.JPG,21.0,['x']
test_images,DSC_0018.JPG,40.0,['me']
test_images,DSC_0018.JPG,29.5,"['i', '—']"
test_images,DSC_0018.JPG,96.0,['=']
test_images,DSC_0018.JPG,26.5,"['=', 'ad,', 'da', 'a;']"
test_images,DSC_0018.JPG,48.0,['Yr']
test_images,DSC_0018.JPG,38.0,['Vem']
test_images,DSC_0018.JPG,27.0,"['VAD', 'TNE', 'nl']"
test_images,DSC_0018.JPG,15.0,['Ea']
test_images,DSC_0018.JPG,35.0,['oo']
test_images,DSC_0018.JPG,59.0,['a']
test_images,DSC_0018.JPG,47.0,"['lr', 'a']"
test_images,DSC_0018.JPG,16.0,['—']
test_images,DSC_0018.JPG,44.0,"['=', 'Wo']"
test_images,DSC_0018.JPG,31.333333333333332,"['oe', 'a', '4']"
test_images,DSC_0018.JPG,0.0,['=F']
test_images,DSC_0018.JPG,43.0,['=']
test_images,DSC_0018.JPG,67.0,['x']
test_images,DSC_0018.JPG,77.0,['=']
test_images,DSC_0018.JPG,28.666666666666668,"['ee', 'Se', '&', 'Sv.', 'eT', '~~»']"
test_images,DSC_0018.JPG,24.0,['Zu']
test_images,DSC_0018.JPG,62.0,"['a,']"
test_images,DSC_0018.JPG,28.0,['“ab']
test_images,DSC_0018.JPG,15.0,['al']
test_images,DSC_0018.JPG,24.0,['a']
test_images,DSC_0018.JPG,31.0,['ra']
test_images,DSC_0018.JPG,41.0,['a']
test_images,DSC_0018.JPG,15.0,"['a,']"
test_images,DSC_0018.JPG,36.5,"['Bass', 'Aa']"
test_images,DSC_0018.JPG,55.0,"['e', '-']"
test_images,DSC_0018.JPG,13.0,['X']
test_images,DSC_0018.JPG,48.0,['x']
test_images,DSC_0018.JPG,10.5,"['E', '%']"
test_images,DSC_0018.JPG,7.0,['ew']
test_images,DSC_0018.JPG,27.0,['I']
test_images,DSC_0018.JPG,27.0,['Se']
test_images,DSC_0018.JPG,24.0,['SEN']
test_images,DSC_0018.JPG,47.0,['Cag']
test_images,DSC_0018.JPG,9.0,"['hat""']"
test_images,DSC_0018.JPG,18.0,['|']
test_images,DSC_0018.JPG,21.0,"['""Wg']"
test_images,DSC_0018.JPG,13.0,['Brom']
test_images,DSC_0018.JPG,52.0,['re']
test_images,DSC_0018.JPG,0.0,[':']
test_images,DSC_0018.JPG,37.0,['3']
test_images,DSC_0018.JPG,16.0,"['<>""']"
test_images,DSC_0018.JPG,91.5,"['Internationales', 'Kurzfilmfestival']"
test_images,DSC_0018.JPG,85.0,['8.—20.']
test_images,DSC_0018.JPG,40.0,['=.']
test_images,DSC_0018.JPG,54.0,['x']
test_images,DSC_0018.JPG,95.5,"['November', '2020']"
test_images,DSC_0018.JPG,95.0,"['für', 'Kinder', 'und', 'Jugendliche', 'Berlin']"
test_images,DSC_0018.JPG,42.0,['Wr']
test_images,DSC_0018.JPG,23.0,['|']
test_images,DSC_0018.JPG,18.0,['3']
test_images,DSC_0018.JPG,0.0,[':']
test_images,DSC_0018.JPG,88.0,['Animationsfilme']
test_images,DSC_0018.JPG,56.0,"['Umweltfilme', 'a']"
test_images,DSC_0018.JPG,77.0,['<']
test_images,DSC_0018.JPG,92.0,"['Doku', '&', 'Fiktion']"
test_images,DSC_0018.JPG,72.0,['¥']
test_images,DSC_0018.JPG,91.0,['Kita-Programm']
test_images,DSC_0018.JPG,38.0,['Pg']
test_images,DSC_0018.JPG,14.0,['he']
test_images,DSC_0018.JPG,59.5,"['“wm', 'TeenScreen']"
test_images,DSC_0018.JPG,91.5,"['Girls*', 'Riot']"
test_images,DSC_0018.JPG,93.33333333333333,"['8', 'Vorstellungen', 'im']"
test_images,DSC_0018.JPG,55.0,['+']
test_images,DSC_0018.JPG,20.0,['x']
test_images,DSC_0018.JPG,93.0,['Workshops']
test_images,DSC_0018.JPG,72.0,['4']
test_images,DSC_0018.JPG,91.0,['richshain']
test_images,DSC_0018.JPG,1.0,['Kindes']
test_images,DSC_0018.JPG,92.0,"['&', 'Jugendjurys']"
test_images,DSC_0018.JPG,57.0,"['EST', 'N', 'Fried']"
test_images,DSC_0018.JPG,1.0,['i']
test_images,DSC_0018.JPG,53.0,['SW']
test_images,DSC_0018.JPG,89.0,['Talks']
test_images,DSC_0018.JPG,93.5,"['Schulvorstellungen', 'online']"
test_images,DSC_0018.JPG,92.0,['Abendvorstellungen']
test_images,DSC_0018.JPG,69.0,['N']
test_images,DSC_0018.JPG,34.0,['AR']
test_images,DSC_0018.JPG,28.0,"['BOSSE', '|']"
test_images,DSC_0018.JPG,77.0,['Im']
test_images,DSC_0018.JPG,72.0,['berlin']
test_images,DSC_0018.JPG,90.0,"['www.', 'kuki-berlin.com']"
test_images,DSC_0018.JPG,91.0,['interfi']
test_images,DSC_0018.JPG,32.5,"['=', 'Va']"
test_images,DSC_0018.JPG,69.0,['~<']
test_images,DSC_0018.JPG,91.0,['#spreadconfettinotthevirus']
test_images,DSC_0018.JPG,96.0,['A']
test_images,DSC_0018.JPG,45.0,['Mh']
test_images,DSC_0018.JPG,21.0,['MN']
test_images,DSC_0018.JPG,33.0,['WOLMEN']
test_images,DSC_0018.JPG,18.0,['#/']
test_images,DSC_0018.JPG,29.0,['MB']
test_images,DSC_0018.JPG,33.0,['dB']
test_images,DSC_0018.JPG,50.75,"['cept', 'Rumzoge', 'MS', 'Ableton']"
test_images,DSC_0018.JPG,85.5,"['SCHULKINO', '25p']"
test_images,DSC_0018.JPG,0.0,['rT']
test_images,DSC_0018.JPG,0.0,['re']
test_images,DSC_0018.JPG,5.0,['On']
test_images,DSC_0018.JPG,32.0,['»']
test_images,DSC_0026.JPG,66.0,['%']
test_images,DSC_0026.JPG,44.0,['al']
test_images,DSC_0026.JPG,33.0,['dl']
test_images,DSC_0026.JPG,69.0,['i)']
test_images,DSC_0026.JPG,83.0,['ly']
test_images,DSC_0026.JPG,47.0,['(Gr']
test_images,DSC_0026.JPG,57.0,['My']
test_images,DSC_0026.JPG,47.0,['ly']
test_images,DSC_0026.JPG,23.0,['iy']
test_images,DSC_0026.JPG,54.0,"['ky,']"
test_images,DSC_0026.JPG,11.0,['I']
test_images,DSC_0026.JPG,65.0,['I']
test_images,DSC_0026.JPG,47.0,"['If,']"
test_images,DSC_0026.JPG,42.0,['di']
test_images,DSC_0026.JPG,33.0,['tp']
test_images,DSC_0026.JPG,54.5,"['I', 'in']"
test_images,DSC_0026.JPG,46.0,"['""in']"
test_images,DSC_0026.JPG,77.0,['|']
test_images,DSC_0026.JPG,37.0,['B=']
test_images,DSC_0026.JPG,50.0,['-']
test_images,DSC_0026.JPG,67.0,"['|', 'B']"
test_images,DSC_0026.JPG,29.0,['By']
test_images,DSC_0026.JPG,73.5,"[']', '|']"
test_images,DSC_0026.JPG,68.0,['\\Y']
test_images,DSC_0026.JPG,62.0,['J']
test_images,DSC_0026.JPG,75.0,"['AL', '|']"
test_images,DSC_0026.JPG,35.0,['in']
test_images,DSC_0026.JPG,37.0,['5']
test_images,DSC_0026.JPG,20.0,['[']
test_images,DSC_0026.JPG,66.0,['CRA']
test_images,DSC_0026.JPG,75.0,"['|', '=']"
test_images,DSC_0026.JPG,96.0,['A']
test_images,DSC_0026.JPG,44.0,['kon']
test_images,DSC_0026.JPG,59.0,['LI']
test_images,DSC_0026.JPG,59.0,"['|', 'gm)']"
test_images,DSC_0026.JPG,18.0,['m———']
test_images,DSC_0026.JPG,34.0,['co']
test_images,DSC_0026.JPG,22.0,"['Sn', 'EE']"
test_images,DSC_0026.JPG,3.0,['a']
test_images,DSC_0026.JPG,49.0,['a']
test_images,DSC_0026.JPG,27.0,['MI']
test_images,DSC_0026.JPG,87.0,['|']
test_images,DSC_0026.JPG,37.0,['L..']
test_images,DSC_0026.JPG,80.0,['|']
test_images,DSC_0026.JPG,88.0,['|']
test_images,DSC_0026.JPG,42.0,['N']
test_images,DSC_0026.JPG,27.0,"['EEE', 'DE']"
test_images,DSC_0026.JPG,0.0,['od']
test_images,DSC_0026.JPG,80.0,['|']
test_images,DSC_0026.JPG,81.0,['|']
test_images,DSC_0026.JPG,65.0,['|']
test_images,DSC_0026.JPG,16.0,['a']
test_images,DSC_0026.JPG,20.0,['——']
test_images,DSC_0026.JPG,20.0,['RE']
test_images,DSC_0026.JPG,83.0,['|']
test_images,DSC_0026.JPG,92.0,['|']
test_images,DSC_0026.JPG,25.0,['=']
test_images,DSC_0026.JPG,33.0,"['y', '«']"
test_images,DSC_0026.JPG,42.0,['Ns']
test_images,DSC_0026.JPG,20.0,['pore']
test_images,DSC_0026.JPG,4.0,['Ee']
test_images,DSC_0026.JPG,0.0,['‘']
test_images,DSC_0026.JPG,70.0,['=']
test_images,DSC_0026.JPG,53.0,['bs']
test_images,DSC_0026.JPG,95.0,['|']
test_images,DSC_0026.JPG,23.0,['Ee']
test_images,DSC_0026.JPG,25.0,['CE']
test_images,DSC_0026.JPG,0.0,['EN']
test_images,DSC_0026.JPG,92.0,['|']
test_images,DSC_0026.JPG,79.0,['|']
test_images,DSC_0026.JPG,0.0,['fr']
test_images,DSC_0026.JPG,0.0,['kn']
test_images,DSC_0026.JPG,95.0,['|']
test_images,DSC_0026.JPG,31.0,['lead)']
test_images,DSC_0026.JPG,20.0,['ER']
test_images,DSC_0026.JPG,88.5,"['|', '|']"
test_images,DSC_0026.JPG,41.0,['aa']
test_images,DSC_0026.JPG,96.0,['|']
test_images,DSC_0026.JPG,93.0,['|']
test_images,DSC_0026.JPG,31.0,['Ld']
test_images,DSC_0026.JPG,56.0,['a']
test_images,DSC_0026.JPG,35.0,['EEE']
test_images,DSC_0026.JPG,68.0,['\\']
test_images,DSC_0026.JPG,17.0,"['=', 'A']"
test_images,DSC_0026.JPG,45.0,['Vv']
test_images,DSC_0026.JPG,33.0,['ERE']
test_images,DSC_0026.JPG,17.0,['fr']
test_images,DSC_0026.JPG,56.0,['=a']
test_images,DSC_0026.JPG,94.0,['|']
test_images,DSC_0026.JPG,52.0,['A']
test_images,DSC_0026.JPG,68.0,['/']
test_images,DSC_0026.JPG,39.0,"['L.', '=']"
test_images,DSC_0026.JPG,80.0,"['X', '|']"
test_images,DSC_0026.JPG,91.0,['|']
test_images,DSC_0026.JPG,7.0,['4']
test_images,DSC_0026.JPG,80.0,"['|', '|']"
test_images,DSC_0026.JPG,57.0,['}']
test_images,DSC_0026.JPG,39.0,['\\']
test_images,DSC_0026.JPG,90.5,"['|', '|']"
test_images,DSC_0026.JPG,33.0,['L']
test_images,DSC_0026.JPG,55.5,"['m', '\\']"
test_images,DSC_0026.JPG,59.0,['a']
test_images,DSC_0026.JPG,84.0,['A']
test_images,DSC_0026.JPG,59.0,['i']
test_images,DSC_0026.JPG,42.0,['|']
test_images,DSC_0026.JPG,34.0,['U']
test_images,DSC_0026.JPG,91.0,['\\']
test_images,DSC_0026.JPG,79.0,['|']
test_images,DSC_0026.JPG,47.0,['=']
test_images,DSC_0026.JPG,81.0,['|']
test_images,DSC_0026.JPG,53.0,['NT']
test_images,DSC_0026.JPG,27.0,['=']
test_images,DSC_0026.JPG,40.0,[';']
test_images,DSC_0026.JPG,47.0,['i']
test_images,DSC_0026.JPG,87.0,['=']
test_images,DSC_0026.JPG,37.5,"['L', '®']"
test_images,DSC_0026.JPG,0.0,['_-']
test_images,DSC_0026.JPG,33.0,['an']
test_images,DSC_0026.JPG,54.5,"['|', '€']"
test_images,DSC_0026.JPG,14.0,['Ey']
test_images,DSC_0026.JPG,96.0,['|']
test_images,DSC_0026.JPG,69.0,['E']
test_images,DSC_0026.JPG,51.5,"['|', ')']"
test_images,DSC_0026.JPG,0.0,['Pr']
test_images,DSC_0026.JPG,72.5,"['|', 'i']"
test_images,DSC_0026.JPG,55.0,['|»']
test_images,DSC_0026.JPG,79.0,['|']
test_images,DSC_0026.JPG,51.0,['al']
test_images,DSC_0026.JPG,13.333333333333334,"['LUTE', 'TRY', 'OUR']"
test_images,DSC_0026.JPG,95.0,['PARTNERS']
test_images,DSC_0026.JPG,43.0,['Til']
test_images,DSC_0026.JPG,49.0,['“A']
test_images,DSC_0026.JPG,28.0,['N']
test_images,DSC_0026.JPG,87.0,['ring']
test_images,DSC_0026.JPG,32.0,['4']
test_images,DSC_0026.JPG,44.0,"['ol', 'BE']"
test_images,DSC_0026.JPG,29.0,['WET']
test_images,DSC_0026.JPG,46.0,['is']
test_images,DSC_0026.JPG,19.0,['4%']
test_images,DSC_0026.JPG,51.0,['tel']
test_images,DSC_0026.JPG,96.0,['HE']
test_images,DSC_0026.JPG,30.0,['el']
test_images,DSC_0026.JPG,53.0,['=']
test_images,DSC_0026.JPG,29.0,['o']
test_images,DSC_0026.JPG,72.0,['jation']
test_images,DSC_0026.JPG,36.0,['X']
test_images,DSC_0026.JPG,35.0,['SOREN']
test_images,DSC_0026.JPG,18.5,"['Lg', 're']"
test_images,DSC_0026.JPG,25.0,['LL']
test_images,DSC_0026.JPG,14.0,['.']
test_images,DSC_0026.JPG,11.0,"['UA', ':ounod']"
test_images,DSC_0026.JPG,45.0,['DS']
test_images,DSC_0026.JPG,20.0,['beim']
test_images,DSC_0026.JPG,84.0,"['Berlin', '|']"
test_images,DSC_0026.JPG,28.333333333333332,"['d', 'i', ':']"
test_images,DSC_0026.JPG,75.0,['>']
test_images,DSC_0026.JPG,28.0,['|']
test_images,DSC_0026.JPG,30.0,['Es']
test_images,DSC_0026.JPG,39.0,['=']
test_images,DSC_0026.JPG,44.0,['1:1']
test_images,DSC_0026.JPG,83.0,['[Al']
test_images,DSC_0026.JPG,44.0,['4']
test_images,DSC_0026.JPG,14.0,"['oh', 'bi']"
test_images,DSC_0026.JPG,0.0,['{A']
test_images,DSC_0026.JPG,36.0,['WEN']
test_images,DSC_0026.JPG,45.0,['A']
test_images,DSC_0026.JPG,12.0,['A']
test_images,DSC_0026.JPG,8.0,['LE]']
test_images,DSC_0026.JPG,61.0,['G']
test_images,DSC_0026.JPG,43.0,['N']
test_images,DSC_0026.JPG,69.0,['4']
test_images,DSC_0026.JPG,71.0,"['SPRINGER', 'A']"
test_images,DSC_0026.JPG,60.0,['3)']
test_images,DSC_0026.JPG,86.0,['HUA']
test_images,DSC_0026.JPG,13.0,"['D,&']"
test_images,DSC_0026.JPG,67.0,['FLASMA']
test_images,DSC_0026.JPG,33.0,['{i']
test_images,DSC_0026.JPG,0.0,['FJ']
test_images,DSC_0026.JPG,0.0,['‘']
test_images,DSC_0026.JPG,14.5,"['’', '=']"
test_images,DSC_0026.JPG,10.0,['re']
test_images,DSC_0026.JPG,13.0,['Ek']
test_images,DSC_0026.JPG,23.0,['we']
test_images,DSC_0026.JPG,34.0,['|']
test_images,DSC_0026.JPG,0.0,['¢!']
test_images,DSC_0026.JPG,16.0,['Be']
test_images,DSC_0026.JPG,0.0,['¢']
test_images,DSC_0026.JPG,0.0,['E']
test_images,DSC_0026.JPG,29.0,['Ho']
test_images,DSC_0026.JPG,18.0,['Rai']
test_images,DSC_0026.JPG,26.0,['EL']
test_images,DSC_0040.JPG,36.6,"['be', 'he', 'KB', 'B&B', 'A']"
test_images,DSC_0040.JPG,63.0,"['LA', 'A', 'J']"
test_images,DSC_0040.JPG,40.0,['ead']
test_images,DSC_0040.JPG,33.0,"['het,', 'Bc']"
test_images,DSC_0040.JPG,10.0,['=f']
test_images,DSC_0040.JPG,90.0,['info@bauzaunplakatierun']
test_images,DSC_0040.JPG,49.0,['e']
test_images,DSC_0040.JPG,5.0,"['ee', '—', 'ae']"
test_images,DSC_0040.JPG,24.0,['ea']
test_images,DSC_0040.JPG,47.0,"['i', 'a']"
test_images,DSC_0040.JPG,0.0,['J']
test_images,DSC_0040.JPG,11.0,['PEE']
test_images,DSC_0040.JPG,0.0,"['""']"
test_images,DSC_0040.JPG,34.0,['et']
test_images,DSC_0040.JPG,19.0,['os']
test_images,DSC_0040.JPG,17.0,['.']
test_images,DSC_0040.JPG,64.0,['-']
test_images,DSC_0040.JPG,30.0,['on']
test_images,DSC_0040.JPG,0.0,['pe']
test_images,DSC_0040.JPG,91.0,['BALLHAUS']
test_images,DSC_0040.JPG,90.0,['NAUNYNSTRASSE']
test_images,DSC_0040.JPG,25.0,['=r']
test_images,DSC_0040.JPG,15.0,"['m', 'OS']"
test_images,DSC_0040.JPG,23.0,['ES']
test_images,DSC_0040.JPG,15.0,['Er']
test_images,DSC_0040.JPG,44.0,['fd']
test_images,DSC_0040.JPG,36.0,['B73']
test_images,DSC_0040.JPG,19.0,['CE']
test_images,DSC_0040.JPG,31.0,['SARA']
test_images,DSC_0040.JPG,37.0,['oa']
test_images,DSC_0040.JPG,0.0,"['Ran,']"
test_images,DSC_0040.JPG,13.0,['=']
test_images,DSC_0040.JPG,47.0,['A']
test_images,DSC_0040.JPG,44.0,['AL']
test_images,DSC_0040.JPG,28.0,['=']
test_images,DSC_0040.JPG,87.0,['=']
test_images,DSC_0040.JPG,15.0,['———']
test_images,DSC_0040.JPG,15.0,['a']
test_images,DSC_0040.JPG,16.0,['EN']
test_images,DSC_0040.JPG,18.0,['at']
test_images,DSC_0040.JPG,41.0,['Tig”']
test_images,DSC_0040.JPG,25.0,['-']
test_images,DSC_0040.JPG,9.0,['eT']
test_images,DSC_0040.JPG,21.0,['iR']
test_images,DSC_0040.JPG,0.0,['Pa']
test_images,DSC_0040.JPG,25.0,['-—']
test_images,DSC_0040.JPG,42.0,['a']
test_images,DSC_0040.JPG,16.0,['ra']
test_images,DSC_0040.JPG,0.0,['&']
test_images,DSC_0040.JPG,0.0,['ß']
test_images,DSC_0040.JPG,71.0,['€']
test_images,DSC_0040.JPG,19.0,['CM']
test_images,DSC_0040.JPG,54.0,['x']
test_images,DSC_0040.JPG,31.0,['ay']
test_images,DSC_0040.JPG,45.5,"['7', 'bo']"
test_images,DSC_0040.JPG,58.0,['AR']
test_images,DSC_0040.JPG,94.0,"['05./06./07.11.2020,', '20', 'UHR']"
test_images,DSC_0040.JPG,30.0,['ir']
test_images,DSC_0040.JPG,61.5,"['|', 'Ad']"
test_images,DSC_0040.JPG,95.0,"['08.11.2020,', '19', 'UHR']"
test_images,DSC_0040.JPG,0.0,['A']
test_images,DSC_0040.JPG,10.0,['SE']
test_images,DSC_0040.JPG,6.0,['58']
test_images,DSC_0040.JPG,0.0,['g']
test_images,DSC_0040.JPG,14.0,['Rb']
test_images,DSC_0040.JPG,96.0,['BECOMING']
test_images,DSC_0040.JPG,96.0,"['MY', 'BODY']"
test_images,DSC_0040.JPG,29.0,['8']
test_images,DSC_0040.JPG,77.0,['|']
test_images,DSC_0040.JPG,94.25,"['PERFORMANCE', 'VON', 'BISHOP', 'BLACK']"
test_images,DSC_0040.JPG,7.0,['=']
test_images,DSC_0040.JPG,78.66666666666667,"['Konzept/', 'Choreografie/', 'Performance:']"
test_images,DSC_0040.JPG,92.75,"['Bishop', 'Black:', 'Musik:', 'TRVANIA:']"
test_images,DSC_0040.JPG,94.2,"['Licht', 'Design:', 'Emilio', 'Cordero', 'Checa:']"
test_images,DSC_0040.JPG,27.0,['u']
test_images,DSC_0040.JPG,91.75,"['Dramaturgie/', 'Video:', 'Jasco', 'Viefhues:']"
test_images,DSC_0040.JPG,40.0,['8']
test_images,DSC_0040.JPG,92.25,"['Choreografische', 'Beratung:', 'Caritia', 'Abell']"
test_images,DSC_0040.JPG,60.0,['Na']
test_images,DSC_0040.JPG,47.0,['5']
test_images,DSC_0040.JPG,12.0,['BL']
test_images,DSC_0040.JPG,13.333333333333334,"['ee', 'en', 'RE']"
test_images,DSC_0040.JPG,21.0,['SON']
test_images,DSC_0040.JPG,25.0,"['""N']"
test_images,DSC_0040.JPG,85.0,['www.ballhausnaunynstrasse.de']
test_images,DSC_0040.JPG,56.0,['11']
test_images,DSC_0040.JPG,33.0,['=']
test_images,DSC_0040.JPG,95.0,['kultur']
test_images,DSC_0040.JPG,37.0,['itn']
test_images,DSC_0040.JPG,38.0,"['9', 'hee']"
test_images,DSC_0040.JPG,67.0,"['EXBERLINER', 'HM']"
test_images,DSC_0040.JPG,35.0,['Ry']
test_images,DSC_0040.JPG,63.0,['|']
test_images,DSC_0040.JPG,33.0,['4]']
test_images,DSC_0040.JPG,55.0,"['BE', 'BB', 'A', '§', '5', 'am']"
test_images,DSC_0041.JPG,20.75,"['Fa', 'et', 'i', 'FA']"
test_images,DSC_0041.JPG,43.5,"['A', 'gl', 'coe', 'TC']"
test_images,DSC_0041.JPG,57.0,['SEY']
test_images,DSC_0041.JPG,30.0,['Rw']
test_images,DSC_0041.JPG,38.0,['Gio']
test_images,DSC_0041.JPG,7.0,['i']
test_images,DSC_0041.JPG,26.0,"['Cebfirdart', 'gush']"
test_images,DSC_0041.JPG,40.0,['5']
test_images,DSC_0041.JPG,0.0,"['AAAS', 'TIA']"
test_images,DSC_0041.JPG,19.5,"['BEER', 'Maan']"
test_images,DSC_0041.JPG,25.0,['HAUF']
test_images,DSC_0041.JPG,55.666666666666664,"['en', 'Main', 'des']"
test_images,DSC_0041.JPG,28.0,"['AS', 'TAKE']"
test_images,DSC_0041.JPG,27.5,"['Küralesmineteum', 'Kr']"
test_images,DSC_0041.JPG,40.0,['Bl']
test_images,DSC_0041.JPG,93.0,['Bro']
test_images,DSC_0041.JPG,19.5,"['Het', 'bmn']"
test_images,DSC_0041.JPG,33.666666666666664,"['SEE', 'BAM', 'Bee']"
test_images,DSC_0041.JPG,69.5,"['wirtschaftliche', 'Zu']"
test_images,DSC_0041.JPG,0.0,['Hoaverlarbetr']
test_images,DSC_0041.JPG,0.0,['RULTY']
test_images,DSC_0041.JPG,87.0,['|']
test_images,DSC_0041.JPG,91.0,['MISE']
test_images,DSC_0041.JPG,50.333333333333336,"['Für', 'fin', 'Walt']"
test_images,DSC_0041.JPG,0.5,"['Ohm', 'gsi']"
test_images,DSC_0041.JPG,91.0,['COBLER']
test_images,DSC_0041.JPG,30.5,"['ured', 'Entwicklung']"
test_images,DSC_0041.JPG,21.0,['Fr']
test_images,DSC_0041.JPG,44.0,"['SHR', 'HILFSWERK']"
test_images,DSC_0041.JPG,77.0,['REDE']
test_images,DSC_0041.JPG,88.0,['FEMMES']
test_images,DSC_0041.JPG,41.5,"['fie', '&']"
test_images,DSC_0041.JPG,0.0,['EN']
test_images,DSC_0041.JPG,44.0,['CA']
test_images,DSC_0041.JPG,0.0,['AG']
test_images,DSC_0041.JPG,12.0,['’']
test_images,DSC_0041.JPG,11.0,['BEE']
test_images,DSC_0041.JPG,29.0,['——']
test_images,DSC_0041.JPG,89.0,['hless']
test_images,DSC_0041.JPG,91.5,"['SumUp', 'Cas']"
test_images,DSC_0041.JPG,95.0,['Market']
test_images,DSC_0041.JPG,96.0,['18.10.2020']
test_images,DSC_0041.JPG,92.0,"['RAW', 'Gelande']"
test_images,DSC_0041.JPG,73.0,['Berlin-Friedrichshain']
test_images,DSC_0041.JPG,84.0,['4']
test_images,DSC_0041.JPG,67.5,"['\\', '4']"
test_images,DSC_0041.JPG,16.0,['I']
test_images,DSC_0041.JPG,11.0,['pr']
test_images,DSC_0041.JPG,33.0,['i']
test_images,DSC_0041.JPG,61.0,['4']
test_images,DSC_0041.JPG,48.0,['|']
test_images,DSC_0041.JPG,20.0,['Ls']
test_images,DSC_0041.JPG,21.5,"['X', 'al)']"
test_images,DSC_0041.JPG,52.0,['3']
test_images,DSC_0041.JPG,10.0,['SS']
test_images,DSC_0041.JPG,80.0,"['3,']"
test_images,DSC_0041.JPG,72.0,['7']
test_images,DSC_0041.JPG,27.0,['N']
test_images,DSC_0041.JPG,32.0,"['=', '7']"
test_images,DSC_0041.JPG,19.0,['ET']
test_images,DSC_0041.JPG,45.0,"['TOR,']"
test_images,DSC_0041.JPG,66.0,['I']
test_images,DSC_0041.JPG,15.0,['>']
test_images,DSC_0041.JPG,27.0,['i']
test_images,DSC_0041.JPG,29.0,[')']
test_images,DSC_0041.JPG,11.0,['Ge']
test_images,DSC_0041.JPG,76.0,['¥']
test_images,DSC_0041.JPG,14.0,['A']
test_images,DSC_0041.JPG,43.0,['ba']
test_images,DSC_0041.JPG,21.0,['or']
test_images,DSC_0041.JPG,47.0,['x']
test_images,DSC_0041.JPG,43.0,['f']
test_images,DSC_0041.JPG,59.0,['X']
test_images,DSC_0041.JPG,43.0,['4']
test_images,DSC_0041.JPG,17.0,['€']
test_images,DSC_0041.JPG,9.0,['sy']
test_images,DSC_0041.JPG,31.5,"['MM', ':']"
test_images,DSC_0041.JPG,0.0,"['>', '\\']"
test_images,DSC_0041.JPG,42.0,['Wr']
test_images,DSC_0041.JPG,4.0,['A']
test_images,DSC_0041.JPG,40.0,['PJ']
test_images,DSC_0041.JPG,47.0,['2']
test_images,DSC_0041.JPG,9.0,['a]']
test_images,DSC_0041.JPG,36.0,['|']
test_images,DSC_0041.JPG,8.0,['a']
test_images,DSC_0041.JPG,3.0,['A']
test_images,DSC_0041.JPG,34.0,['=']
test_images,DSC_0041.JPG,3.0,['3']
test_images,DSC_0041.JPG,0.0,[':']
test_images,DSC_0041.JPG,23.0,['a']
test_images,DSC_0041.JPG,47.0,['=']
test_images,DSC_0041.JPG,44.0,['=']
test_images,DSC_0041.JPG,22.0,['Ps']
test_images,DSC_0041.JPG,28.0,['or']
test_images,DSC_0041.JPG,49.0,['er']
test_images,DSC_0041.JPG,30.0,['Fa']
test_images,DSC_0041.JPG,36.0,['a']
test_images,DSC_0041.JPG,19.0,['od']
test_images,DSC_0041.JPG,10.0,['LA']
test_images,DSC_0041.JPG,3.0,['a']
test_images,DSC_0041.JPG,13.0,['®']
test_images,DSC_0041.JPG,63.0,['A']
test_images,DSC_0041.JPG,28.0,['PRE']
test_images,DSC_0041.JPG,13.0,['fü']
test_images,DSC_0041.JPG,27.0,['0']
test_images,DSC_0041.JPG,0.0,['Bo']
test_images,DSC_0041.JPG,36.0,['Ani”']
test_images,DSC_0041.JPG,62.0,['i']
test_images,DSC_0041.JPG,47.0,['4']
test_images,DSC_0041.JPG,28.0,['Ea']
test_images,DSC_0041.JPG,71.0,['SUT']
test_images,DSC_0041.JPG,29.0,['ph']
test_images,DSC_0041.JPG,47.0,['137']
test_images,DSC_0041.JPG,12.0,['i']
test_images,DSC_0041.JPG,21.0,['ar']
test_images,DSC_0041.JPG,16.0,['ai']
test_images,DSC_0041.JPG,26.0,['aA']
test_images,DSC_0041.JPG,34.0,['i']
test_images,DSC_0041.JPG,31.0,['A']
test_images,DSC_0041.JPG,24.0,['?']
test_images,DSC_0041.JPG,36.0,['*']
test_images,DSC_0041.JPG,1.0,['Pi']
test_images,DSC_0049.JPG,45.0,['2']
test_images,DSC_0049.JPG,32.0,['Ce']
test_images,DSC_0049.JPG,0.0,['NZ']
test_images,DSC_0049.JPG,28.0,['Aa']
test_images,DSC_0049.JPG,46.0,['BF']
test_images,DSC_0049.JPG,42.0,['r=']
test_images,DSC_0049.JPG,52.0,['Wr']
test_images,DSC_0049.JPG,46.0,['-']
test_images,DSC_0049.JPG,19.0,['WE']
test_images,DSC_0049.JPG,9.0,['oP']
test_images,DSC_0049.JPG,56.0,['A']
test_images,DSC_0049.JPG,48.0,['—']
test_images,DSC_0049.JPG,42.0,['4']
test_images,DSC_0049.JPG,18.0,['Fe']
test_images,DSC_0049.JPG,20.5,"['RR', 'Bel']"
test_images,DSC_0049.JPG,23.0,['4']
test_images,DSC_0049.JPG,42.0,['SE']
test_images,DSC_0049.JPG,37.0,['Dah']
test_images,DSC_0049.JPG,10.0,['oA']
test_images,DSC_0049.JPG,8.0,['os']
test_images,DSC_0049.JPG,23.0,['Lay']
test_images,DSC_0049.JPG,10.0,['ir']
test_images,DSC_0049.JPG,48.0,['A']
test_images,DSC_0049.JPG,34.0,['Es']
test_images,DSC_0049.JPG,34.0,['i']
test_images,DSC_0049.JPG,35.0,['A']
test_images,DSC_0049.JPG,74.0,['J']
test_images,DSC_0049.JPG,21.0,"['pd', 'ol']"
test_images,DSC_0049.JPG,57.0,['-']
test_images,DSC_0049.JPG,35.0,['Fit']
test_images,DSC_0049.JPG,22.0,['=']
test_images,DSC_0049.JPG,16.0,['Ei']
test_images,DSC_0049.JPG,22.0,['pens']
test_images,DSC_0049.JPG,44.0,['EE']
test_images,DSC_0049.JPG,30.0,['PRE']
test_images,DSC_0049.JPG,32.0,['EN']
test_images,DSC_0049.JPG,0.0,['——']
test_images,DSC_0049.JPG,65.0,['A']
test_images,DSC_0049.JPG,46.0,['>']
test_images,DSC_0049.JPG,19.0,['Ts']
test_images,DSC_0049.JPG,12.0,['25']
test_images,DSC_0049.JPG,16.0,['Se']
test_images,DSC_0049.JPG,35.0,['an']
test_images,DSC_0049.JPG,29.0,['or']
test_images,DSC_0049.JPG,41.0,['a']
test_images,DSC_0049.JPG,45.0,['itr']
test_images,DSC_0049.JPG,9.0,['a']
test_images,DSC_0049.JPG,25.5,"['Ee', 'Fay']"
test_images,DSC_0049.JPG,25.0,"['SS', 'i', 'Clad']"
test_images,DSC_0049.JPG,30.0,['2']
test_images,DSC_0049.JPG,0.0,['SE']
test_images,DSC_0049.JPG,15.0,['N']
test_images,DSC_0049.JPG,31.0,['ag']
test_images,DSC_0049.JPG,55.0,['a']
test_images,DSC_0049.JPG,34.0,['=']
test_images,DSC_0049.JPG,14.0,['Zi']
test_images,DSC_0049.JPG,23.0,['U']
test_images,DSC_0049.JPG,19.0,['zh']
test_images,DSC_0049.JPG,56.0,['=']
test_images,DSC_0049.JPG,74.0,['=']
test_images,DSC_0049.JPG,0.0,['§']
test_images,DSC_0049.JPG,22.0,['oe']
test_images,DSC_0049.JPG,36.0,['CS']
test_images,DSC_0049.JPG,27.0,['ER']
test_images,DSC_0049.JPG,24.0,['Ls']
test_images,DSC_0049.JPG,7.0,['A']
test_images,DSC_0049.JPG,47.0,['25']
test_images,DSC_0049.JPG,39.0,['a']
test_images,DSC_0049.JPG,0.0,['Ve']
test_images,DSC_0049.JPG,31.0,['5']
test_images,DSC_0049.JPG,27.0,['Cl']
test_images,DSC_0049.JPG,7.0,['ot']
test_images,DSC_0049.JPG,62.5,"['a', '|']"
test_images,DSC_0049.JPG,70.5,"['=', '>']"
test_images,DSC_0049.JPG,66.0,['|']
test_images,DSC_0049.JPG,93.0,['|']
test_images,DSC_0049.JPG,21.0,['Abia']
test_images,DSC_0049.JPG,28.0,['a']
test_images,DSC_0049.JPG,21.0,['®']
test_images,DSC_0049.JPG,45.0,['2']
test_images,DSC_0049.JPG,7.0,"['EEE', 'ESE']"
test_images,DSC_0049.JPG,62.0,['>»']
test_images,DSC_0049.JPG,32.0,['a']
test_images,DSC_0049.JPG,32.0,"['pe', '|']"
test_images,DSC_0049.JPG,14.0,['I']
test_images,DSC_0049.JPG,19.0,['Ee']
test_images,DSC_0049.JPG,57.0,[':']
test_images,DSC_0049.JPG,27.0,['+']
test_images,DSC_0049.JPG,12.0,['2']
test_images,DSC_0049.JPG,0.0,"['""BR']"
test_images,DSC_0049.JPG,18.0,['>']
test_images,DSC_0049.JPG,16.0,['a’']
test_images,DSC_0049.JPG,11.0,['LETS']
test_images,DSC_0049.JPG,47.0,['re']
test_images,DSC_0049.JPG,70.0,['x']
test_images,DSC_0049.JPG,22.0,['>']
test_images,DSC_0049.JPG,15.0,['=']
test_images,DSC_0049.JPG,15.0,['>']
test_images,DSC_0049.JPG,58.0,['-']
test_images,DSC_0049.JPG,63.0,['Al']
test_images,DSC_0049.JPG,92.0,['\\']
test_images,DSC_0049.JPG,20.0,['Ay']
test_images,DSC_0049.JPG,22.0,['Lei']
test_images,DSC_0049.JPG,53.0,['&']
test_images,DSC_0049.JPG,30.0,['=']
test_images,DSC_0049.JPG,33.0,['po']
test_images,DSC_0049.JPG,61.0,['=']
test_images,DSC_0049.JPG,57.0,['w']
test_images,DSC_0049.JPG,69.0,['x']
test_images,DSC_0049.JPG,30.0,['oe']
test_images,DSC_0049.JPG,77.0,['4']
test_images,DSC_0049.JPG,28.0,['0']
test_images,DSC_0049.JPG,41.0,['=']
test_images,DSC_0049.JPG,49.0,['ka']
test_images,DSC_0049.JPG,18.0,['2s']
test_images,DSC_0049.JPG,22.0,['ol']
test_images,DSC_0049.JPG,12.0,['=']
test_images,DSC_0049.JPG,30.0,['WEI:']
test_images,DSC_0049.JPG,13.0,['er']
test_images,DSC_0049.JPG,14.0,['>.']
test_images,DSC_0049.JPG,44.0,['_—']
test_images,DSC_0049.JPG,21.0,['iw']
test_images,DSC_0049.JPG,17.0,['Zn']
test_images,DSC_0049.JPG,38.0,['A']
test_images,DSC_0049.JPG,64.0,['5']
test_images,DSC_0049.JPG,26.0,['Ea']
test_images,DSC_0049.JPG,32.0,['So']
test_images,DSC_0049.JPG,58.0,['A']
test_images,DSC_0049.JPG,0.0,['a']
test_images,DSC_0049.JPG,26.0,['Su']
test_images,DSC_0049.JPG,41.0,['=']
test_images,DSC_0049.JPG,18.0,['DS']
test_images,DSC_0049.JPG,16.0,"['4,']"
test_images,DSC_0049.JPG,47.0,['BE']
test_images,DSC_0049.JPG,32.0,['AZ']
test_images,DSC_0049.JPG,90.0,['—']
test_images,DSC_0049.JPG,19.0,['elk:']
test_images,DSC_0049.JPG,0.0,['BEG']
test_images,DSC_0049.JPG,16.5,"['Ze', 'ig']"
test_images,DSC_0049.JPG,16.0,['Sa']
test_images,DSC_0049.JPG,0.0,['S']
test_images,DSC_0049.JPG,26.0,['er']
test_images,DSC_0049.JPG,11.0,['BE']
test_images,DSC_0049.JPG,19.0,['=r']
test_images,DSC_0049.JPG,61.0,['=']
test_images,DSC_0049.JPG,32.0,['5']
test_images,DSC_0049.JPG,17.0,['Fo']
test_images,DSC_0049.JPG,5.0,['pe']
test_images,DSC_0049.JPG,1.0,['0']
test_images,DSC_0049.JPG,16.0,['Fe']
test_images,DSC_0049.JPG,16.0,['=k']
test_images,DSC_0049.JPG,48.0,"['ae', '|']"
test_images,DSC_0049.JPG,16.0,['ME']
test_images,DSC_0049.JPG,0.0,['J']
test_images,DSC_0049.JPG,34.0,['on']
test_images,DSC_0049.JPG,62.0,['wa']
test_images,DSC_0049.JPG,31.0,['©']
test_images,DSC_0049.JPG,35.0,['ir']
test_images,DSC_0049.JPG,0.0,[':']
test_images,DSC_0049.JPG,10.0,['FE']
test_images,DSC_0049.JPG,28.5,"['A', 'a']"
test_images,DSC_0049.JPG,33.0,['in:']
test_images,DSC_0049.JPG,4.0,['ee)']
test_images,DSC_0049.JPG,67.0,['r']
test_images,DSC_0049.JPG,26.0,['=']
test_images,DSC_0049.JPG,0.0,['En']
test_images,DSC_0049.JPG,52.0,['=']
test_images,DSC_0049.JPG,45.0,['Has']
test_images,DSC_0049.JPG,26.0,['LY']
test_images,DSC_0049.JPG,17.0,['i']
test_images,DSC_0049.JPG,16.0,['X']
test_images,DSC_0049.JPG,21.0,['th']
test_images,DSC_0049.JPG,41.0,['25']
test_images,DSC_0049.JPG,29.0,['ic']
test_images,DSC_0049.JPG,90.0,['=']
test_images,DSC_0049.JPG,39.0,['3']
test_images,DSC_0049.JPG,6.0,['BIE']
test_images,DSC_0049.JPG,40.0,['50']
test_images,DSC_0049.JPG,39.0,['=']
test_images,DSC_0049.JPG,55.0,['A']
test_images,DSC_0049.JPG,0.0,['Gi']
test_images,DSC_0049.JPG,73.0,['1']
test_images,DSC_0049.JPG,26.0,['Toot']
test_images,DSC_0056.JPG,9.0,['za']
test_images,DSC_0056.JPG,47.0,['HE']
test_images,DSC_0056.JPG,43.0,['1']
test_images,DSC_0056.JPG,77.0,['&']
test_images,DSC_0056.JPG,0.0,['io']
test_images,DSC_0056.JPG,10.0,['og']
test_images,DSC_0056.JPG,4.0,['PE']
test_images,DSC_0056.JPG,11.5,"['-', 'é']"
test_images,DSC_0056.JPG,80.0,"['12.-21.', 'JUNI']"
test_images,DSC_0056.JPG,46.0,['|']
test_images,DSC_0056.JPG,96.0,"['REBELLION', 'WAVE']"
test_images,DSC_0056.JPG,34.0,"['i', '|', '|']"
test_images,DSC_0056.JPG,23.0,['KK']
test_images,DSC_0056.JPG,48.0,['oy']
test_images,DSC_0056.JPG,28.0,['Pes']
test_images,DSC_0056.JPG,92.66666666666667,"['DIGITAL', '&', 'DEZENTRAL']"
test_images,DSC_0056.JPG,39.0,['-——']
test_images,DSC_0056.JPG,65.0,['~']
test_images,DSC_0056.JPG,17.0,['oad']
test_images,DSC_0056.JPG,45.0,['ha']
test_images,DSC_0056.JPG,40.0,['Ne']
test_images,DSC_0056.JPG,54.5,"['PY', '£']"
test_images,DSC_0056.JPG,58.0,['Ds']
test_images,DSC_0056.JPG,20.0,['CTR']
test_images,DSC_0056.JPG,21.0,['na']
test_images,DSC_0056.JPG,32.0,['|']
test_images,DSC_0056.JPG,13.5,"['x', 'AD']"
test_images,DSC_0056.JPG,73.0,['\\']
test_images,DSC_0056.JPG,42.0,['Nk']
test_images,DSC_0056.JPG,0.0,['TT']
test_images,DSC_0056.JPG,0.0,['®']
test_images,DSC_0056.JPG,53.0,"['h,']"
test_images,DSC_0056.JPG,79.0,['15.00.']
test_images,DSC_0056.JPG,52.0,['BS']
test_images,DSC_0056.JPG,96.0,['MO']
test_images,DSC_0056.JPG,26.333333333333332,"['—', 'ot', '|']"
test_images,DSC_0056.JPG,52.0,['PN']
test_images,DSC_0056.JPG,54.0,['N']
test_images,DSC_0056.JPG,26.0,['Pe']
test_images,DSC_0056.JPG,72.0,['(BMWI)']
test_images,DSC_0056.JPG,43.0,['La']
test_images,DSC_0056.JPG,93.33333333333333,"['11', 'UHR', 'INVALIDENPARK']"
test_images,DSC_0056.JPG,66.0,"['|', '2']"
test_images,DSC_0056.JPG,48.0,['“AM']
test_images,DSC_0056.JPG,70.8,"['1', 'WOCHE', 'DEUTSCHLAND', 'WEITE', 'AKTIONEN']"
test_images,DSC_0056.JPG,24.0,['EA']
test_images,DSC_0056.JPG,45.0,['ee']
test_images,DSC_0056.JPG,64.0,['®']
test_images,DSC_0056.JPG,35.0,['Dan']
test_images,DSC_0056.JPG,38.0,['DO']
test_images,DSC_0056.JPG,93.33333333333333,"['ALLE', 'INFOS', 'HIER:']"
test_images,DSC_0056.JPG,5.0,['En']
test_images,DSC_0056.JPG,33.0,['oe']
test_images,DSC_0056.JPG,19.0,['TL']
test_images,DSC_0056.JPG,5.0,['Hh']
test_images,DSC_0056.JPG,0.0,['Lo']
test_images,DSC_0056.JPG,41.0,['==']
test_images,DSC_0056.JPG,15.0,['Ny']
test_images,DSC_0056.JPG,78.0,['I']
test_images,DSC_0056.JPG,54.0,['WW']
test_images,DSC_0056.JPG,74.33333333333333,"['LEGRAM', '&', 'extinction']"
test_images,DSC_0056.JPG,0.0,['“L.']
test_images,DSC_0056.JPG,19.0,['ol']
test_images,DSC_0056.JPG,53.5,"['jon', '|']"
test_images,DSC_0056.JPG,33.0,['ALL']
test_images,DSC_0056.JPG,91.0,"['OCIAL', 'ME']"
test_images,DSC_0056.JPG,34.0,['HAL']
test_images,DSC_0056.JPG,25.0,['LHD']
test_images,DSC_0056.JPG,36.0,['IHL']
test_images,DSC_0056.JPG,2.0,['=']
test_images,DSC_0056.JPG,44.0,['[12']
test_images,DSC_0056.JPG,6.0,['kulturpiaketigrung']
test_images,DSC_0061.JPG,16.0,"['Fad', 'aan', 'ae']"
test_images,DSC_0061.JPG,8.0,"['Se', 'Ls']"
test_images,DSC_0061.JPG,7.0,['<b']
test_images,DSC_0061.JPG,32.0,['Ber']
test_images,DSC_0061.JPG,21.0,['ES']
test_images,DSC_0061.JPG,31.0,['AY']
test_images,DSC_0061.JPG,27.0,['Ps]']
test_images,DSC_0061.JPG,78.0,['RY']
test_images,DSC_0061.JPG,31.0,['fo']
test_images,DSC_0061.JPG,36.0,['fl']
test_images,DSC_0061.JPG,51.0,['A']
test_images,DSC_0061.JPG,29.0,['CS']
test_images,DSC_0061.JPG,40.0,['x']
test_images,DSC_0061.JPG,5.0,['{y:']
test_images,DSC_0061.JPG,6.0,['©']
test_images,DSC_0061.JPG,37.0,['pho']
test_images,DSC_0061.JPG,23.0,['26']
test_images,DSC_0061.JPG,12.0,['\\-']
test_images,DSC_0061.JPG,60.0,['a']
test_images,DSC_0061.JPG,18.0,['2']
test_images,DSC_0061.JPG,33.0,['hd']
test_images,DSC_0061.JPG,16.0,['1']
test_images,DSC_0061.JPG,38.0,['os']
test_images,DSC_0061.JPG,24.0,['a']
test_images,DSC_0061.JPG,20.0,['Zn']
test_images,DSC_0061.JPG,34.0,['A']
test_images,DSC_0061.JPG,38.0,['A']
test_images,DSC_0061.JPG,25.0,['Le']
test_images,DSC_0061.JPG,11.0,['x']
test_images,DSC_0061.JPG,55.0,['©']
test_images,DSC_0061.JPG,19.0,['Zot']
test_images,DSC_0061.JPG,27.0,['fü']
test_images,DSC_0061.JPG,23.0,['X']
test_images,DSC_0061.JPG,25.0,['A']
test_images,DSC_0061.JPG,21.0,['EZ']
test_images,DSC_0061.JPG,15.0,[':']
test_images,DSC_0061.JPG,24.0,['i']
test_images,DSC_0061.JPG,24.0,['Ars']
test_images,DSC_0061.JPG,31.0,['x']
test_images,DSC_0061.JPG,1.0,['4H']
test_images,DSC_0061.JPG,48.0,['(NS']
test_images,DSC_0061.JPG,5.0,['Sn']
test_images,DSC_0061.JPG,14.0,['2']
test_images,DSC_0061.JPG,28.0,['-']
test_images,DSC_0061.JPG,18.0,['>']
test_images,DSC_0061.JPG,23.0,['78']
test_images,DSC_0061.JPG,17.0,['3']
test_images,DSC_0061.JPG,31.0,['pre']
test_images,DSC_0061.JPG,36.0,['Ng']
test_images,DSC_0061.JPG,10.0,['Sr']
test_images,DSC_0061.JPG,23.0,['%']
test_images,DSC_0061.JPG,74.0,['5']
test_images,DSC_0061.JPG,39.0,['A']
test_images,DSC_0061.JPG,25.0,['A']
test_images,DSC_0061.JPG,40.0,['A']
test_images,DSC_0061.JPG,13.0,['hs']
test_images,DSC_0061.JPG,44.0,['oy']
test_images,DSC_0061.JPG,31.0,['o']
test_images,DSC_0061.JPG,35.0,['RR']
test_images,DSC_0061.JPG,19.0,['Sa']
test_images,DSC_0061.JPG,25.0,['Sean']
test_images,DSC_0061.JPG,23.0,['a']
test_images,DSC_0061.JPG,50.0,['HC']
test_images,DSC_0061.JPG,29.0,['A']
test_images,DSC_0061.JPG,36.0,['bees']
test_images,DSC_0061.JPG,40.0,['+']
test_images,DSC_0061.JPG,47.0,['SA']
test_images,DSC_0061.JPG,13.0,['XG']
test_images,DSC_0061.JPG,37.0,['ha']
test_images,DSC_0061.JPG,2.0,['Se']
test_images,DSC_0061.JPG,11.0,['Cr']
test_images,DSC_0061.JPG,6.0,['i']
test_images,DSC_0061.JPG,16.0,['2']
test_images,DSC_0061.JPG,31.0,['A']
test_images,DSC_0061.JPG,18.0,['ES']
test_images,DSC_0061.JPG,0.0,['Se']
test_images,DSC_0061.JPG,0.0,['|']
test_images,DSC_0061.JPG,41.0,['De']
test_images,DSC_0061.JPG,29.0,['rd']
test_images,DSC_0061.JPG,21.0,['XS.']
test_images,DSC_0061.JPG,12.0,['we']
test_images,DSC_0061.JPG,2.5,"['¥', '5']"
test_images,DSC_0061.JPG,0.0,['Z']
test_images,DSC_0061.JPG,29.0,['ALY']
test_images,DSC_0061.JPG,21.0,['En']
test_images,DSC_0061.JPG,50.0,['1%']
test_images,DSC_0061.JPG,15.0,['Un']
test_images,DSC_0061.JPG,39.0,['KA']
test_images,DSC_0061.JPG,45.0,['3']
test_images,DSC_0061.JPG,39.0,['Cae']
test_images,DSC_0061.JPG,48.0,['KA']
test_images,DSC_0061.JPG,51.0,['A']
test_images,DSC_0061.JPG,47.0,['2']
test_images,DSC_0061.JPG,12.0,['5!']
test_images,DSC_0061.JPG,13.0,['SS']
test_images,DSC_0061.JPG,31.0,['Ah']
test_images,DSC_0061.JPG,43.0,['i']
test_images,DSC_0061.JPG,8.0,['A']
test_images,DSC_0061.JPG,47.0,['A']
test_images,DSC_0061.JPG,24.0,['AS']
test_images,DSC_0061.JPG,35.0,['Ss']
test_images,DSC_0061.JPG,88.0,['%']
test_images,DSC_0061.JPG,20.0,['EL']
test_images,DSC_0061.JPG,37.0,['PR']
test_images,DSC_0061.JPG,44.0,['>']
test_images,DSC_0061.JPG,19.0,['5']
test_images,DSC_0061.JPG,46.0,['EN']
test_images,DSC_0061.JPG,15.0,['od']
test_images,DSC_0061.JPG,28.0,['ae']
test_images,DSC_0061.JPG,47.0,['a']
test_images,DSC_0061.JPG,48.0,['5']
test_images,DSC_0061.JPG,53.0,['VA']
test_images,DSC_0061.JPG,40.0,['Relay;']
test_images,DSC_0061.JPG,20.0,['4']
test_images,DSC_0061.JPG,54.0,['>']
test_images,DSC_0061.JPG,44.0,['Tae']
test_images,DSC_0061.JPG,26.0,['RATS']
test_images,DSC_0061.JPG,0.0,['ns']
test_images,DSC_0061.JPG,39.0,['3X']
test_images,DSC_0061.JPG,74.0,['X']
test_images,DSC_0061.JPG,39.0,['A']
test_images,DSC_0061.JPG,29.0,['55']
test_images,DSC_0061.JPG,40.0,['319']
test_images,DSC_0061.JPG,19.0,['wh']
test_images,DSC_0061.JPG,6.0,['Na']
test_images,DSC_0061.JPG,25.0,['a']
test_images,DSC_0061.JPG,50.0,['AK']
test_images,DSC_0061.JPG,38.0,['Sh']
test_images,DSC_0061.JPG,15.0,['oh']
test_images,DSC_0061.JPG,23.0,['Den']
test_images,DSC_0061.JPG,24.0,['I']
test_images,DSC_0061.JPG,0.0,['SD']
test_images,DSC_0061.JPG,58.0,['3']
test_images,DSC_0061.JPG,28.0,['ga']
test_images,DSC_0061.JPG,39.0,['A']
test_images,DSC_0061.JPG,42.0,['Ss']
test_images,DSC_0061.JPG,52.0,['24']
test_images,DSC_0061.JPG,1.0,['x']
test_images,DSC_0061.JPG,0.0,['5']
test_images,DSC_0061.JPG,29.0,['Ss']
test_images,DSC_0061.JPG,35.0,['is']
test_images,DSC_0061.JPG,26.0,['Ye']
test_images,DSC_0061.JPG,39.0,['A.']
test_images,DSC_0061.JPG,21.0,"['x,']"
test_images,DSC_0061.JPG,49.0,['ma']
test_images,DSC_0061.JPG,29.0,['ios']
test_images,DSC_0061.JPG,26.0,['te']
test_images,DSC_0061.JPG,24.0,['£75']
test_images,DSC_0061.JPG,12.0,['Sw']
test_images,DSC_0061.JPG,30.0,['bie']
test_images,DSC_0061.JPG,23.0,['WO']
test_images,DSC_0061.JPG,29.0,['Sey']
test_images,DSC_0061.JPG,9.0,['STR']
test_images,DSC_0061.JPG,0.0,['Zi']
test_images,DSC_0061.JPG,34.0,['a)']
test_images,DSC_0061.JPG,35.0,['ha']
test_images,DSC_0061.JPG,28.0,['Ze']
test_images,DSC_0061.JPG,89.0,['5']
test_images,DSC_0061.JPG,28.0,['LN']
test_images,DSC_0061.JPG,27.0,['Te']
test_images,DSC_0061.JPG,3.0,['7']
test_images,DSC_0061.JPG,42.0,['HE']
test_images,DSC_0061.JPG,33.0,['M4']
test_images,DSC_0061.JPG,30.0,['24']
test_images,DSC_0061.JPG,24.0,['oy']
test_images,DSC_0061.JPG,62.0,['2%']
test_images,DSC_0061.JPG,18.0,['a']
test_images,DSC_0061.JPG,28.0,['£']
test_images,DSC_0061.JPG,8.0,['2%)']
test_images,DSC_0061.JPG,38.0,['To']
test_images,DSC_0061.JPG,48.0,['Pe']
test_images,DSC_0061.JPG,30.0,['©']
test_images,DSC_0061.JPG,39.0,['a']
test_images,DSC_0061.JPG,40.0,['(i']
test_images,DSC_0061.JPG,13.0,['Ee)']
test_images,DSC_0061.JPG,30.0,['a']
test_images,DSC_0061.JPG,18.0,['A']
test_images,DSC_0061.JPG,8.0,['Nt']
test_images,DSC_0061.JPG,0.0,['be']
test_images,DSC_0061.JPG,0.0,['i)']
test_images,DSC_0061.JPG,34.0,['23']
test_images,DSC_0061.JPG,34.0,['ya']
test_images,DSC_0061.JPG,16.0,['3']
test_images,DSC_0061.JPG,38.0,['aN']
test_images,DSC_0061.JPG,19.0,['LER']
test_images,DSC_0061.JPG,1.0,['XZ}']
test_images,DSC_0061.JPG,0.0,['Sa']
test_images,DSC_0061.JPG,21.0,"['ee,']"
test_images,DSC_0061.JPG,37.0,['=>']
test_images,DSC_0061.JPG,33.0,['DS']
test_images,DSC_0061.JPG,39.0,['Ea)']
test_images,DSC_0061.JPG,42.0,['J']
test_images,DSC_0061.JPG,31.0,['Ps']
test_images,DSC_0061.JPG,10.0,['r']
test_images,DSC_0061.JPG,23.0,[')']
test_images,DSC_0061.JPG,16.0,['ot']
test_images,DSC_0061.JPG,21.0,['Toe']
test_images,DSC_0061.JPG,12.0,['on']
test_images,DSC_0061.JPG,31.0,['{i']
test_images,DSC_0061.JPG,6.0,['or']
test_images,DSC_0061.JPG,17.0,['Si']
test_images,DSC_0061.JPG,27.0,['ad']
test_images,DSC_0061.JPG,8.0,['hy']
test_images,DSC_0061.JPG,19.5,"['7', 'a']"
test_images,DSC_0061.JPG,19.0,['Fr']
test_images,DSC_0061.JPG,34.0,['XS']
test_images,DSC_0061.JPG,35.0,['DAY}']
test_images,DSC_0061.JPG,18.0,['X']
test_images,DSC_0061.JPG,59.0,['=']
test_images,DSC_0061.JPG,48.0,['Sr']
test_images,DSC_0061.JPG,36.0,['x']
test_images,DSC_0061.JPG,7.0,['3°']
test_images,DSC_0061.JPG,27.0,['“a']
test_images,DSC_0061.JPG,12.0,['i']
test_images,DSC_0061.JPG,46.0,['frie']
test_images,DSC_0061.JPG,41.0,['Jk']
test_images,DSC_0061.JPG,47.0,['Ay']
test_images,DSC_0061.JPG,8.0,['re']
test_images,DSC_0061.JPG,43.0,['ie']
test_images,DSC_0061.JPG,25.0,['REN']
test_images,DSC_0061.JPG,0.0,['e']
test_images,DSC_0061.JPG,42.0,['pL']
test_images,DSC_0061.JPG,23.0,['N']
test_images,DSC_0061.JPG,8.0,['dre']
test_images,DSC_0061.JPG,17.0,['cd']
test_images,DSC_0061.JPG,17.0,['Rd']
test_images,DSC_0061.JPG,18.0,['ie']
test_images,DSC_0061.JPG,45.0,['ia']
test_images,DSC_0061.JPG,27.0,['bt']
test_images,DSC_0061.JPG,0.0,['nn']
test_images,DSC_0061.JPG,21.0,"['iy', 'Yh']"
test_images,DSC_0061.JPG,29.0,['A']
test_images,DSC_0061.JPG,64.0,['X']
test_images,DSC_0061.JPG,0.0,['dm']
test_images,DSC_0061.JPG,43.0,['Aye']
test_images,DSC_0061.JPG,0.0,['A']
test_images,DSC_0061.JPG,65.0,['SA']
test_images,DSC_0061.JPG,19.0,['Ya']
test_images,DSC_0061.JPG,22.0,['An']
test_images,DSC_0061.JPG,26.0,['>']
test_images,DSC_0061.JPG,16.0,['PN']
test_images,DSC_0061.JPG,24.0,['LA']
test_images,DSC_0061.JPG,21.0,['Da']
test_images,DSC_0061.JPG,57.0,['A']
test_images,DSC_0061.JPG,18.0,"['ih,']"
test_images,DSC_0061.JPG,12.0,['Te']
test_images,DSC_0061.JPG,33.0,['Re']
test_images,DSC_0061.JPG,29.0,['re']
test_images,DSC_0061.JPG,9.0,['in']
test_images,DSC_0061.JPG,28.0,['ry']
test_images,DSC_0061.JPG,28.0,['No']
test_images,DSC_0061.JPG,41.0,['AE']
test_images,DSC_0061.JPG,22.0,['Ga']
test_images,DSC_0061.JPG,41.0,['15']
test_images,DSC_0061.JPG,0.0,['<i']
test_images,DSC_0061.JPG,0.0,['rn']
test_images,DSC_0061.JPG,17.0,['ft']
test_images,DSC_0061.JPG,8.0,['es']
test_images,DSC_0061.JPG,65.0,['Me']
test_images,DSC_0061.JPG,11.0,['oy']
test_images,DSC_0061.JPG,11.0,['i']
test_images,DSC_0061.JPG,29.0,['SA']
test_images,DSC_0061.JPG,0.0,['7']
test_images,DSC_0061.JPG,12.0,['LA']
test_images,DSC_0061.JPG,31.0,['CAT']
test_images,DSC_0061.JPG,31.0,['rd']
test_images,DSC_0061.JPG,4.0,['piers']
test_images,DSC_0061.JPG,22.0,['Yay']
test_images,DSC_0061.JPG,30.0,['7x']
test_images,DSC_0061.JPG,14.0,['5']
test_images,DSC_0061.JPG,46.0,['oF']
test_images,DSC_0061.JPG,25.0,['Pa']
test_images,DSC_0061.JPG,25.5,"['X', 'rin']"
test_images,DSC_0061.JPG,33.0,['5']
test_images,DSC_0061.JPG,28.0,['or']
test_images,DSC_0061.JPG,13.0,['I)']
test_images,DSC_0061.JPG,16.0,['AZ']
test_images,DSC_0061.JPG,65.0,['3']
test_images,DSC_0061.JPG,29.0,['$A']
test_images,DSC_0061.JPG,87.0,['}']
test_images,DSC_0061.JPG,31.0,['2']
test_images,DSC_0061.JPG,13.0,['Tp']
test_images,DSC_0061.JPG,23.0,['a']
test_images,DSC_0061.JPG,15.0,['a']
test_images,DSC_0061.JPG,10.0,['oe']
test_images,DSC_0061.JPG,21.0,['in']
test_images,DSC_0061.JPG,22.0,['NE']
test_images,DSC_0061.JPG,39.0,['roa']
test_images,DSC_0061.JPG,45.0,['ZN']
test_images,DSC_0061.JPG,46.0,['v']
test_images,DSC_0061.JPG,32.0,['WS']
test_images,DSC_0061.JPG,56.0,['>']
test_images,DSC_0061.JPG,55.0,['©']
test_images,DSC_0061.JPG,34.0,['al']
test_images,DSC_0061.JPG,34.0,['Fh']
test_images,DSC_0061.JPG,16.0,['On']
test_images,DSC_0061.JPG,8.0,['PN']
test_images,DSC_0061.JPG,1.0,['rN']
test_images,DSC_0061.JPG,0.0,['Bt)']
test_images,DSC_0061.JPG,23.0,['‚CA']
test_images,DSC_0061.JPG,1.0,['.']
test_images,DSC_0061.JPG,0.0,['A']
test_images,DSC_0061.JPG,12.0,['a]']
test_images,DSC_0061.JPG,32.0,['10']
test_images,DSC_0061.JPG,45.0,['vn']
test_images,DSC_0061.JPG,38.0,['oa']
test_images,DSC_0061.JPG,0.0,['y']
test_images,DSC_0061.JPG,38.0,['chi']
test_images,DSC_0061.JPG,2.0,['oo)']
test_images,DSC_0061.JPG,33.0,['28']
test_images,DSC_0061.JPG,67.0,['i']
test_images,DSC_0061.JPG,44.0,['5']
test_images,DSC_0061.JPG,3.0,['WX;']
test_images,DSC_0061.JPG,0.0,"['=,']"
test_images,DSC_0061.JPG,22.0,['Sas']
test_images,DSC_0061.JPG,58.0,['ji']
test_images,DSC_0061.JPG,39.0,['oat']
test_images,DSC_0061.JPG,39.0,['Nox']
test_images,DSC_0061.JPG,6.0,['A']
test_images,DSC_0061.JPG,40.0,['SANE']
test_images,DSC_0061.JPG,22.0,['St']
test_images,DSC_0061.JPG,12.0,['Pras']
test_images,DSC_0061.JPG,12.0,['vx']
test_images,DSC_0061.JPG,0.0,['J']
test_images,DSC_0061.JPG,31.0,['nL']
test_images,DSC_0061.JPG,2.0,['Cr']
test_images,DSC_0061.JPG,80.0,['R']
test_images,DSC_0061.JPG,50.0,['fa']
test_images,DSC_0061.JPG,31.0,"[':', 'ey', 'To']"
test_images,DSC_0061.JPG,3.0,['a']
test_images,DSC_0061.JPG,1.0,['Ea']
test_images,DSC_0061.JPG,50.0,['Jer']
test_images,DSC_0061.JPG,37.0,['+']
test_images,DSC_0061.JPG,46.0,['AN']
test_images,DSC_0061.JPG,24.0,['ze']
test_images,DSC_0061.JPG,38.0,['35']
test_images,DSC_0061.JPG,24.0,['ave']
test_images,DSC_0061.JPG,54.0,['Aa']
test_images,DSC_0061.JPG,40.0,['+']
test_images,DSC_0061.JPG,24.0,['7']
test_images,DSC_0061.JPG,37.0,['4)']
test_images,DSC_0061.JPG,40.0,['AR']
test_images,DSC_0061.JPG,12.0,['i']
test_images,DSC_0061.JPG,2.0,['on)']
test_images,DSC_0061.JPG,57.0,['NG']
test_images,DSC_0061.JPG,39.0,['AR']
test_images,DSC_0061.JPG,15.0,"['ES,']"
test_images,DSC_0061.JPG,35.0,['EN']
test_images,DSC_0061.JPG,14.0,['gs']
test_images,DSC_0061.JPG,33.0,['a']
test_images,DSC_0061.JPG,22.0,['Wr']
test_images,DSC_0061.JPG,24.0,['LO']
test_images,DSC_0061.JPG,25.0,['wars']
test_images,DSC_0061.JPG,61.0,['CA']
test_images,DSC_0061.JPG,14.0,['og']
test_images,DSC_0061.JPG,48.0,['vd']
test_images,DSC_0061.JPG,3.0,['wa']
test_images,DSC_0061.JPG,16.0,['A']
test_images,DSC_0061.JPG,39.0,['14%']
test_images,DSC_0061.JPG,24.0,['ol.']
test_images,DSC_0061.JPG,28.0,['©']
test_images,DSC_0061.JPG,24.0,['A']
test_images,DSC_0061.JPG,28.5,"['a', '2']"
test_images,DSC_0061.JPG,20.0,['La']
test_images,DSC_0061.JPG,13.0,['iA']
test_images,DSC_0061.JPG,30.0,['Nove']
test_images,DSC_0061.JPG,29.0,['aE']
test_images,DSC_0061.JPG,47.0,['oe']
test_images,DSC_0061.JPG,0.0,['23']
test_images,DSC_0061.JPG,36.0,['I']
test_images,DSC_0061.JPG,22.0,['A']
test_images,DSC_0061.JPG,44.0,['BY']
test_images,DSC_0061.JPG,11.0,['a)']
test_images,DSC_0061.JPG,18.0,['VE']
test_images,DSC_0061.JPG,53.0,['CN']
test_images,DSC_0061.JPG,39.0,['i']
test_images,DSC_0061.JPG,66.0,['45']
test_images,DSC_0061.JPG,80.0,['€”']
test_images,DSC_0061.JPG,18.0,['na']
test_images,DSC_0061.JPG,22.0,['Ya']
test_images,DSC_0061.JPG,33.0,['(8%']
test_images,DSC_0061.JPG,15.0,['YO']
test_images,DSC_0061.JPG,31.0,['ps']
test_images,DSC_0061.JPG,20.0,['i!']
test_images,DSC_0061.JPG,17.0,['nN']
test_images,DSC_0061.JPG,24.0,['SEN']
test_images,DSC_0061.JPG,3.0,['%']
test_images,DSC_0061.JPG,56.0,['4']
test_images,DSC_0061.JPG,0.0,['b']
test_images,DSC_0061.JPG,47.0,['a']
test_images,DSC_0061.JPG,43.0,['7)']
test_images,DSC_0061.JPG,14.0,['a']
test_images,DSC_0061.JPG,20.0,['Po']
test_images,DSC_0061.JPG,57.0,['\\']
test_images,DSC_0061.JPG,0.0,['Ee']
test_images,DSC_0061.JPG,5.0,['©']
test_images,DSC_0061.JPG,33.0,['SC']
test_images,DSC_0061.JPG,1.0,['ZN']
test_images,DSC_0061.JPG,40.0,['AS']
test_images,DSC_0061.JPG,19.0,['{4']
test_images,DSC_0061.JPG,26.0,['as']
test_images,DSC_0061.JPG,40.0,"['hos', '3']"
test_images,DSC_0061.JPG,26.0,['a']
test_images,DSC_0061.JPG,12.0,['Pes']
test_images,DSC_0061.JPG,28.0,['ee']
test_images,DSC_0061.JPG,15.0,['NI']
test_images,DSC_0061.JPG,13.0,['NZ']
test_images,DSC_0061.JPG,35.0,"['A', '2:']"
test_images,DSC_0061.JPG,0.0,['.']
test_images,DSC_0061.JPG,39.0,['4']
test_images,DSC_0061.JPG,63.0,['J']
test_images,DSC_0061.JPG,27.0,['i']
test_images,DSC_0061.JPG,45.0,['VDE']
test_images,DSC_0061.JPG,24.0,['7']
test_images,DSC_0061.JPG,35.0,['A']
test_images,DSC_0061.JPG,8.0,['2d']
test_images,DSC_0061.JPG,7.0,['7']
test_images,DSC_0061.JPG,39.0,['A']
test_images,DSC_0061.JPG,27.5,"['36', 'SNS']"
test_images,DSC_0061.JPG,60.0,['”']
test_images,DSC_0061.JPG,25.0,['Pd']
test_images,DSC_0061.JPG,20.0,['x“']
test_images,DSC_0061.JPG,0.0,['DW']
test_images,DSC_0061.JPG,26.0,['oh']
test_images,DSC_0061.JPG,11.0,['N']
test_images,DSC_0061.JPG,37.0,['074']
test_images,DSC_0061.JPG,0.0,['en']
test_images,DSC_0061.JPG,49.0,['2']
test_images,DSC_0061.JPG,34.0,['yt']
test_images,DSC_0061.JPG,22.0,['(OS']
test_images,DSC_0061.JPG,24.0,['AR']
test_images,DSC_0061.JPG,14.0,['5']
test_images,DSC_0061.JPG,49.0,['73']
test_images,DSC_0061.JPG,22.0,['I']
test_images,DSC_0061.JPG,53.0,['N']
test_images,DSC_0061.JPG,51.0,['2']
test_images,DSC_0061.JPG,13.0,['x']
test_images,DSC_0061.JPG,26.0,['A']
test_images,DSC_0061.JPG,5.0,"['7,']"
test_images,DSC_0061.JPG,31.0,['5']
test_images,DSC_0061.JPG,44.0,['Ss']
test_images,DSC_0061.JPG,40.0,['>a']
test_images,DSC_0061.JPG,27.0,['4']
test_images,DSC_0061.JPG,43.0,[':']
test_images,DSC_0061.JPG,13.0,['Lo']
test_images,DSC_0061.JPG,41.0,['N']
test_images,DSC_0061.JPG,12.0,['Ar']
test_images,DSC_0061.JPG,0.0,['i?']
test_images,DSC_0061.JPG,23.0,['a']
test_images,DSC_0061.JPG,49.0,['4']
test_images,DSC_0061.JPG,26.0,['er']
test_images,DSC_0061.JPG,25.0,['Ne']
test_images,DSC_0061.JPG,0.0,['$']
test_images,DSC_0061.JPG,0.0,"['Pada,']"
test_images,DSC_0061.JPG,62.0,['>}']
test_images,DSC_0061.JPG,42.0,['x']
test_images,DSC_0061.JPG,54.0,['DZ']
test_images,DSC_0061.JPG,50.0,['a']
test_images,DSC_0061.JPG,26.0,"['ey', '2']"
test_images,DSC_0061.JPG,24.0,['IM']
test_images,DSC_0061.JPG,42.0,['7']
test_images,DSC_0061.JPG,26.0,['a']
test_images,DSC_0061.JPG,58.0,['3']
test_images,DSC_0061.JPG,12.0,['=?']
test_images,DSC_0061.JPG,82.0,['3']
test_images,DSC_0061.JPG,39.0,['i)']
test_images,DSC_0061.JPG,43.0,['a']
test_images,DSC_0061.JPG,18.0,"['J', 'LAs']"
test_images,DSC_0061.JPG,11.0,['ted']
test_images,DSC_0061.JPG,39.0,['“A']
test_images,DSC_0061.JPG,1.0,['I']
test_images,DSC_0061.JPG,22.0,['We']
test_images,DSC_0061.JPG,1.0,['7']
test_images,DSC_0061.JPG,36.0,['>']
test_images,DSC_0061.JPG,48.0,['a']
test_images,DSC_0061.JPG,34.0,['7']
test_images,DSC_0061.JPG,25.0,['Es']
test_images,DSC_0061.JPG,0.0,['An']
test_images,DSC_0061.JPG,81.0,['%']
test_images,DSC_0061.JPG,8.0,['A']
test_images,DSC_0061.JPG,35.0,['€']
test_images,DSC_0061.JPG,25.0,['it']
test_images,DSC_0061.JPG,37.0,['A']
test_images,DSC_0061.JPG,0.0,['I']
test_images,DSC_0061.JPG,23.0,['A']
test_images,DSC_0061.JPG,54.0,['A']
test_images,DSC_0061.JPG,78.0,['3']
test_images,DSC_0061.JPG,70.0,['7']
test_images,DSC_0061.JPG,10.0,['A']
test_images,DSC_0061.JPG,43.0,['A']
test_images,DSC_0061.JPG,1.0,"['<7,']"
test_images,DSC_0061.JPG,0.0,['=¥']
test_images,DSC_0061.JPG,51.0,['ler']
test_images,DSC_0061.JPG,31.0,['IN']
test_images,DSC_0061.JPG,28.0,['a)']
test_images,DSC_0061.JPG,6.0,['Wi']
test_images,DSC_0061.JPG,7.0,['x']
test_images,DSC_0061.JPG,33.0,['%']
test_images,DSC_0061.JPG,81.0,['3']
test_images,DSC_0061.JPG,0.0,['in']
test_images,DSC_0061.JPG,47.0,['*']
test_images,DSC_0061.JPG,65.0,['5']
test_images,DSC_0061.JPG,55.0,['I~']
test_images,DSC_0061.JPG,18.0,['aN']
test_images,DSC_0061.JPG,47.0,['%']
test_images,DSC_0061.JPG,14.0,['i']
test_images,DSC_0061.JPG,12.0,['pe']
test_images,DSC_0061.JPG,79.0,['4']
test_images,DSC_0061.JPG,2.0,['oi']
test_images,DSC_0061.JPG,50.0,['a']
test_images,DSC_0061.JPG,38.0,['*']
test_images,DSC_0061.JPG,64.0,['X']
test_images,DSC_0061.JPG,4.0,"['i,']"
test_images,DSC_0061.JPG,57.0,['4%']
test_images,DSC_0061.JPG,55.0,['X']
test_images,DSC_0061.JPG,23.0,['3']
test_images,DSC_0061.JPG,31.0,['On']
test_images,DSC_0061.JPG,16.0,['Ri']
test_images,DSC_0061.JPG,7.0,['N']
test_images,DSC_0061.JPG,31.0,['3']
test_images,DSC_0061.JPG,56.0,['€']
test_images,DSC_0061.JPG,0.0,['pn']
test_images,DSC_0061.JPG,32.0,['~~']
test_images,DSC_0061.JPG,45.0,['Jr']
test_images,DSC_0061.JPG,6.0,['JA']
test_images,DSC_0061.JPG,49.0,['Ss']
test_images,DSC_0061.JPG,58.0,['ES']
test_images,DSC_0061.JPG,29.0,['St']
test_images,DSC_0061.JPG,43.0,['np']
test_images,DSC_0061.JPG,34.0,['Ar“']
test_images,DSC_0061.JPG,24.0,['A']
test_images,DSC_0061.JPG,9.0,['NY']
test_images,DSC_0061.JPG,38.0,['=']
test_images,DSC_0061.JPG,58.0,['A']
test_images,DSC_0061.JPG,29.0,['AN']
test_images,DSC_0061.JPG,0.0,['oy']
test_images,DSC_0061.JPG,45.0,['Ir']
test_images,DSC_0061.JPG,28.0,['A']
test_images,DSC_0061.JPG,27.0,['oy']
test_images,DSC_0061.JPG,27.0,['wor']
test_images,DSC_0061.JPG,0.0,['4']
test_images,DSC_0061.JPG,0.0,['6']
test_images,DSC_0061.JPG,60.0,['A']
test_images,DSC_0061.JPG,21.0,['Ra']
test_images,DSC_0061.JPG,0.0,['U']
test_images,DSC_0061.JPG,11.0,['Sn']
test_images,DSC_0061.JPG,72.0,['IS']
test_images,DSC_0061.JPG,65.0,['3']
test_images,DSC_0061.JPG,26.0,['Lo']
test_images,DSC_0061.JPG,16.0,['£']
test_images,DSC_0061.JPG,46.0,['*']
test_images,DSC_0061.JPG,5.0,['&']
test_images,DSC_0061.JPG,20.0,['£2.']
test_images,DSC_0061.JPG,0.0,['®']
test_images,DSC_0061.JPG,6.0,['A']
test_images,DSC_0061.JPG,21.0,['Sn']
test_images,DSC_0061.JPG,11.0,['SR']
test_images,DSC_0061.JPG,17.0,['HS']
test_images,DSC_0061.JPG,9.0,['<i']
test_images,DSC_0061.JPG,44.0,['i']
test_images,DSC_0061.JPG,61.0,['&']
test_images,DSC_0061.JPG,51.0,[';']
test_images,DSC_0061.JPG,65.0,['3%']
test_images,DSC_0061.JPG,19.0,['i']
test_images,DSC_0061.JPG,65.0,['ra']
test_images,DSC_0061.JPG,60.0,[':']
test_images,DSC_0061.JPG,34.0,['2']
test_images,DSC_0061.JPG,48.0,['X']
test_images,DSC_0061.JPG,11.0,['8']
test_images,DSC_0061.JPG,23.0,['kd']
test_images,DSC_0061.JPG,71.0,['x']
test_images,DSC_0061.JPG,34.0,['5']
test_images,DSC_0061.JPG,40.0,['gh.']
test_images,DSC_0061.JPG,31.0,['6']
test_images,DSC_0061.JPG,43.0,['Dir']
test_images,DSC_0061.JPG,24.0,['Be']
test_images,DSC_0061.JPG,37.0,['ru']
test_images,DSC_0061.JPG,6.0,['An']
test_images,DSC_0061.JPG,19.0,['a']
test_images,DSC_0061.JPG,55.0,['3']
test_images,DSC_0061.JPG,24.0,['$9']
test_images,DSC_0061.JPG,82.0,['x:']
test_images,DSC_0061.JPG,26.0,['AB']
test_images,DSC_0061.JPG,0.0,['(A']
test_images,DSC_0061.JPG,31.0,['3']
test_images,DSC_0061.JPG,32.0,['27']
test_images,DSC_0061.JPG,14.0,['oe)']
test_images,DSC_0061.JPG,36.0,['Sr']
test_images,DSC_0061.JPG,48.0,['|']
test_images,DSC_0061.JPG,24.0,['ree']
test_images,DSC_0061.JPG,40.0,['NN']
test_images,DSC_0061.JPG,0.0,['‘']
test_images,DSC_0061.JPG,4.0,['RE']
test_images,DSC_0061.JPG,41.0,['Ls']
test_images,DSC_0061.JPG,63.0,['2']
test_images,DSC_0061.JPG,47.0,['a']
test_images,DSC_0061.JPG,43.0,['A']
test_images,DSC_0061.JPG,0.0,['t']
test_images,DSC_0061.JPG,13.0,['Wr']
test_images,DSC_0061.JPG,44.0,['fie']
test_images,DSC_0061.JPG,63.0,['i']
test_images,DSC_0061.JPG,9.0,['Ae']
test_images,DSC_0061.JPG,0.0,['ou']
test_images,DSC_0061.JPG,37.0,['HE']
test_images,DSC_0061.JPG,45.0,['xe']
test_images,DSC_0061.JPG,0.0,['eo']
test_images,DSC_0061.JPG,11.0,['Fy']
test_images,DSC_0061.JPG,51.0,['=']
test_images,DSC_0061.JPG,81.0,[':']
test_images,DSC_0061.JPG,34.0,['oe']
test_images,DSC_0061.JPG,15.0,['AS']
test_images,DSC_0061.JPG,11.0,['ZA']
test_images,DSC_0061.JPG,49.0,['Wa']
test_images,DSC_0061.JPG,28.0,['pod']
test_images,DSC_0061.JPG,34.0,['3']
test_images,DSC_0061.JPG,14.0,['“EE']
test_images,DSC_0061.JPG,35.0,['XL']
test_images,DSC_0061.JPG,30.0,['VS']
test_images,DSC_0061.JPG,18.0,['hr']
test_images,DSC_0061.JPG,13.0,['pC']
test_images,DSC_0061.JPG,20.0,['at']
test_images,DSC_0061.JPG,18.0,['ir']
test_images,DSC_0061.JPG,22.0,['wr']
test_images,DSC_0061.JPG,26.0,['i']
test_images,DSC_0061.JPG,28.0,['Ter']
test_images,DSC_0061.JPG,29.0,['bs']
test_images,DSC_0061.JPG,39.0,['a']
test_images,DSC_0061.JPG,52.0,['Ne']
test_images,DSC_0061.JPG,40.0,"['mii', '¥']"
test_images,DSC_0061.JPG,0.0,['‘EB']
test_images,DSC_0061.JPG,0.0,['5']
test_images,DSC_0061.JPG,20.0,['“']
test_images,DSC_0061.JPG,19.0,['ZA']
test_images,DSC_0061.JPG,0.0,['€']
test_images,DSC_0061.JPG,66.0,['N']
test_images,DSC_0061.JPG,15.0,['SrA']
test_images,DSC_0061.JPG,26.0,['ems']
test_images,DSC_0061.JPG,30.0,['©']
test_images,DSC_0061.JPG,9.0,['WE']
test_images,DSC_0061.JPG,15.0,['&']
test_images,DSC_0061.JPG,20.0,['3']
test_images,DSC_0061.JPG,34.0,['“x']
test_images,DSC_0061.JPG,0.0,['i']
test_images,DSC_0061.JPG,20.0,['ya']
test_images,DSC_0061.JPG,19.0,['LL']
test_images,DSC_0061.JPG,22.0,['+']
test_images,DSC_0061.JPG,11.0,['Nn']
test_images,DSC_0061.JPG,0.0,['.']
test_images,DSC_0061.JPG,16.0,['a']
test_images,DSC_0061.JPG,36.0,['i']
test_images,DSC_0061.JPG,0.0,['ou']
test_images,DSC_0061.JPG,24.0,['Si']
test_images,DSC_0061.JPG,47.0,['i']
test_images,DSC_0061.JPG,69.0,['¥']
test_images,DSC_0061.JPG,58.0,['5']
test_images,DSC_0061.JPG,33.0,['oT']
test_images,DSC_0061.JPG,31.0,['x']
test_images,DSC_0061.JPG,41.0,['<']
test_images,DSC_0061.JPG,42.0,['X']
test_images,DSC_0061.JPG,23.0,['0']
test_images,DSC_0061.JPG,0.0,['4']
test_images,DSC_0061.JPG,2.5,"['Ne', '4;']"
test_images,DSC_0061.JPG,39.0,['a']
test_images,DSC_0061.JPG,46.0,['os']
test_images,DSC_0061.JPG,19.0,['al']
test_images,DSC_0061.JPG,80.0,['2']
test_images,DSC_0061.JPG,22.0,['[Cs']
test_images,DSC_0061.JPG,28.0,['%']
test_images,DSC_0061.JPG,49.0,['Tis']
test_images,DSC_0061.JPG,29.0,['AM']
test_images,DSC_0061.JPG,57.0,['A']
test_images,DSC_0061.JPG,16.0,['a']
test_images,DSC_0061.JPG,47.0,['nd']
test_images,DSC_0061.JPG,32.0,['3']
test_images,DSC_0061.JPG,32.0,['Ry']
test_images,DSC_0061.JPG,41.0,['Pd']
test_images,DSC_0061.JPG,41.0,['an']
test_images,DSC_0061.JPG,0.0,['ir']
test_images,DSC_0061.JPG,4.0,['A']
test_images,DSC_0061.JPG,14.0,['2S']
test_images,DSC_0061.JPG,63.0,['>']
test_images,DSC_0061.JPG,19.0,['Lv']
test_images,DSC_0061.JPG,78.0,['-']
test_images,DSC_0061.JPG,80.0,['»']
test_images,DSC_0061.JPG,39.0,['=']
test_images,DSC_0061.JPG,27.0,['a']
test_images,DSC_0061.JPG,0.0,['re']
test_images,DSC_0061.JPG,51.0,['Cop']
test_images,DSC_0061.JPG,19.0,['En']
test_images,DSC_0061.JPG,19.0,['By']
test_images,DSC_0061.JPG,0.0,['iy']
test_images,DSC_0061.JPG,26.0,['A']
test_images,DSC_0061.JPG,57.0,['we']
test_images,DSC_0061.JPG,49.0,['5']
test_images,DSC_0061.JPG,5.0,['>']
test_images,DSC_0061.JPG,75.0,"['2,']"
test_images,DSC_0061.JPG,3.0,"['u,']"
test_images,DSC_0061.JPG,31.0,['XS']
test_images,DSC_0061.JPG,27.0,['AB']
test_images,DSC_0061.JPG,52.0,['5']
test_images,DSC_0061.JPG,8.0,['hi)']
test_images,DSC_0061.JPG,44.0,['5']
test_images,DSC_0061.JPG,68.0,['>']
test_images,DSC_0061.JPG,31.0,['Im']
test_images,DSC_0061.JPG,0.0,['5']
test_images,DSC_0061.JPG,32.0,"['At,']"
test_images,DSC_0061.JPG,29.0,['Vat']
test_images,DSC_0061.JPG,49.0,['x']
test_images,DSC_0061.JPG,32.0,['ve']
test_images,DSC_0061.JPG,6.0,[':']
test_images,DSC_0061.JPG,43.0,['~']
test_images,DSC_0061.JPG,67.0,['1']
test_images,DSC_0061.JPG,13.0,[';']
test_images,DSC_0061.JPG,44.0,['4']
test_images,DSC_0061.JPG,19.0,['AL']
test_images,DSC_0061.JPG,23.5,"['St', 'a']"
test_images,DSC_0061.JPG,41.0,['ix']
test_images,DSC_0061.JPG,34.0,['Tr']
test_images,DSC_0061.JPG,53.0,['25']
test_images,DSC_0061.JPG,3.0,['ww']
test_images,DSC_0061.JPG,64.0,['ro']
test_images,DSC_0061.JPG,14.0,['x']
test_images,DSC_0061.JPG,45.0,['5']
test_images,DSC_0061.JPG,37.0,['Q']
test_images,DSC_0061.JPG,78.0,['33']
test_images,DSC_0061.JPG,38.0,['A']
test_images,DSC_0061.JPG,26.0,['Is']
test_images,DSC_0061.JPG,38.0,['zl']
test_images,DSC_0061.JPG,20.0,['SN']
test_images,DSC_0061.JPG,2.0,['On']
test_images,DSC_0061.JPG,3.0,['g']
test_images,DSC_0061.JPG,13.0,['go']
test_images,DSC_0061.JPG,38.0,['yz']
test_images,DSC_0061.JPG,21.0,['X']
test_images,DSC_0061.JPG,34.0,['Ay']
test_images,DSC_0061.JPG,32.0,['ale']
test_images,DSC_0061.JPG,6.0,['9']
test_images,DSC_0061.JPG,64.0,['«3']
test_images,DSC_0061.JPG,68.0,['3X']
test_images,DSC_0061.JPG,38.0,['wkd']
test_images,DSC_0061.JPG,0.0,['}']
test_images,DSC_0061.JPG,39.5,"['SRE', '>']"
test_images,DSC_0061.JPG,37.0,['5']
test_images,DSC_0061.JPG,0.0,['»¥']
test_images,DSC_0061.JPG,23.0,[':']
test_images,DSC_0061.JPG,32.0,['as']
test_images,DSC_0061.JPG,88.66666666666667,"['vAL', 'IN', '§']"
test_images,DSC_0061.JPG,36.0,"['SE,']"
test_images,DSC_0061.JPG,10.0,['>']
test_images,DSC_0061.JPG,64.0,['«']
test_images,DSC_0061.JPG,95.0,['ER']
test_images,DSC_0061.JPG,9.0,['@']
test_images,DSC_0061.JPG,96.0,[nan]
test_images,DSC_0061.JPG,57.0,['363']
test_images,DSC_0061.JPG,42.0,['=']
test_images,DSC_0061.JPG,16.0,['0']
test_images,DSC_0061.JPG,24.0,['St']
test_images,DSC_0061.JPG,59.0,['\\']
test_images,DSC_0061.JPG,34.0,['or']
test_images,DSC_0061.JPG,29.0,['SH']
test_images,DSC_0061.JPG,4.0,['oP']
test_images,DSC_0061.JPG,45.0,['Ly']
test_images,DSC_0061.JPG,51.0,['Lis']
test_images,DSC_0061.JPG,42.0,['ed']
test_images,DSC_0061.JPG,8.0,['ss']
test_images,DSC_0061.JPG,39.0,['AK']
test_images,DSC_0061.JPG,25.0,['N']
test_images,DSC_0061.JPG,15.0,['Ei']
test_images,DSC_0061.JPG,52.0,['X']
test_images,DSC_0061.JPG,43.0,['FEST']
test_images,DSC_0061.JPG,27.0,['yu']
test_images,DSC_0061.JPG,10.0,['oy']
test_images,DSC_0061.JPG,43.0,['A']
test_images,DSC_0061.JPG,16.0,['A']
test_images,DSC_0061.JPG,42.0,['ik']
test_images,DSC_0061.JPG,38.0,['Pr']
test_images,DSC_0061.JPG,3.0,['5']
test_images,DSC_0061.JPG,60.0,['&']
test_images,DSC_0061.JPG,50.0,['ets']
test_images,DSC_0061.JPG,43.0,['AH']
test_images,DSC_0061.JPG,32.0,['A']
test_images,DSC_0061.JPG,53.0,['=']
test_images,DSC_0061.JPG,12.0,['OVER']
test_images,DSC_0061.JPG,42.0,['>']
test_images,DSC_0061.JPG,0.0,['Zr']
test_images,DSC_0061.JPG,30.0,"['or', 'HN']"
test_images,DSC_0061.JPG,35.0,['Ph']
test_images,DSC_0061.JPG,58.0,['=']
test_images,DSC_0061.JPG,0.0,['i']
test_images,DSC_0061.JPG,31.0,['Ta']
test_images,DSC_0061.JPG,13.0,['73']
test_images,DSC_0061.JPG,75.0,['os']
test_images,DSC_0061.JPG,28.0,['X']
test_images,DSC_0061.JPG,23.0,['=']
test_images,DSC_0061.JPG,38.0,['©']
test_images,DSC_0061.JPG,42.0,['3']
test_images,DSC_0061.JPG,34.0,['Si']
test_images,DSC_0061.JPG,0.0,['2']
test_images,DSC_0061.JPG,30.0,['A']
test_images,DSC_0061.JPG,74.0,['¥']
test_images,DSC_0061.JPG,26.0,['oN']
test_images,DSC_0061.JPG,9.0,['oN']
test_images,DSC_0061.JPG,3.0,['>']
test_images,DSC_0061.JPG,18.0,['B)']
test_images,DSC_0061.JPG,24.0,['3']
test_images,DSC_0061.JPG,27.0,"['aw', 'yan']"
test_images,DSC_0061.JPG,38.0,['hy']
test_images,DSC_0061.JPG,0.0,['e']
test_images,DSC_0061.JPG,26.0,"['3,']"
test_images,DSC_0061.JPG,10.0,['$F:']
test_images,DSC_0061.JPG,56.0,['SCH']
test_images,DSC_0061.JPG,42.0,['A']
test_images,DSC_0061.JPG,9.0,['ve']
test_images,DSC_0061.JPG,15.0,['MN']
test_images,DSC_0061.JPG,0.0,['SI']
test_images,DSC_0061.JPG,57.0,[';']
test_images,DSC_0061.JPG,87.0,['T']
test_images,DSC_0061.JPG,0.0,['A)']
test_images,DSC_0061.JPG,19.0,['&']
test_images,DSC_0061.JPG,69.0,['3']
test_images,DSC_0061.JPG,31.0,['ze']
test_images,DSC_0061.JPG,0.0,['4']
test_images,DSC_0061.JPG,32.0,['US']
test_images,DSC_0061.JPG,21.0,['Ss']
test_images,DSC_0061.JPG,32.0,['O']
test_images,DSC_0061.JPG,54.0,['EIMA']
test_images,DSC_0061.JPG,0.0,"['""']"
test_images,DSC_0061.JPG,44.0,['ws']
test_images,DSC_0061.JPG,41.0,['UM']
test_images,DSC_0061.JPG,0.0,['>']
test_images,DSC_0061.JPG,15.0,['v7']
test_images,DSC_0061.JPG,16.0,['4']
test_images,DSC_0061.JPG,65.0,['x']
test_images,DSC_0061.JPG,42.0,['VS']
test_images,DSC_0061.JPG,91.0,['ND']
test_images,DSC_0061.JPG,83.0,"['-L', 'A']"
test_images,DSC_0061.JPG,64.0,['A']
test_images,DSC_0061.JPG,43.0,['£']
test_images,DSC_0061.JPG,47.0,['ove']
test_images,DSC_0061.JPG,65.0,['pT']
test_images,DSC_0061.JPG,40.0,['=']
test_images,DSC_0061.JPG,31.0,['A']
test_images,DSC_0061.JPG,43.0,"['i', 'de']"
test_images,DSC_0061.JPG,53.0,['we']
test_images,DSC_0061.JPG,35.0,['-']
test_images,DSC_0061.JPG,24.0,['Sn']
test_images,DSC_0061.JPG,31.0,['<3']
test_images,DSC_0061.JPG,87.0,['§TA']
test_images,DSC_0061.JPG,34.0,['5']
test_images,DSC_0061.JPG,55.0,['%']
test_images,DSC_0061.JPG,48.0,['5%']
test_images,DSC_0061.JPG,10.0,['ys']
test_images,DSC_0061.JPG,44.0,['Wo']
test_images,DSC_0061.JPG,0.0,['Ü']
test_images,DSC_0061.JPG,48.0,['AT']
test_images,DSC_0061.JPG,30.0,['ok']
test_images,DSC_0061.JPG,0.0,['‘']
test_images,DSC_0061.JPG,63.0,['>']
test_images,DSC_0061.JPG,17.0,['EX']
test_images,DSC_0061.JPG,32.0,['©']
test_images,DSC_0061.JPG,42.0,['Ta']
test_images,DSC_0061.JPG,34.0,['DW']
test_images,DSC_0061.JPG,40.0,['of']
test_images,DSC_0061.JPG,0.0,['X.']
test_images,DSC_0061.JPG,80.0,['¢']
test_images,DSC_0061.JPG,26.0,['3']
test_images,DSC_0061.JPG,0.0,['oy']
test_images,DSC_0061.JPG,57.0,['ad']
test_images,DSC_0061.JPG,23.0,['7']
test_images,DSC_0061.JPG,18.0,['‘']
test_images,DSC_0061.JPG,33.0,['SL']
test_images,DSC_0061.JPG,51.0,['X']
test_images,DSC_0061.JPG,29.0,['ys']
test_images,DSC_0061.JPG,50.0,['AN']
test_images,DSC_0061.JPG,0.0,['Wa']
test_images,DSC_0061.JPG,31.0,['>]']
test_images,DSC_0061.JPG,58.0,['A']
test_images,DSC_0061.JPG,24.0,['X']
test_images,DSC_0061.JPG,23.0,['4']
test_images,DSC_0061.JPG,0.0,['[']
test_images,DSC_0061.JPG,38.0,['Vv']
test_images,DSC_0061.JPG,40.0,['AN']
test_images,DSC_0061.JPG,4.0,['AAP)']
test_images,DSC_0061.JPG,32.0,['“a']
test_images,DSC_0061.JPG,5.0,['ot']
test_images,DSC_0061.JPG,32.0,['Do']
test_images,DSC_0061.JPG,11.0,['x']
test_images,DSC_0061.JPG,27.0,['Cos']
test_images,DSC_0061.JPG,31.0,['wz']
test_images,DSC_0061.JPG,10.0,['a']
test_images,DSC_0061.JPG,40.0,['ye']
test_images,DSC_0061.JPG,0.0,['A']
test_images,DSC_0061.JPG,25.0,['Nk']
test_images,DSC_0061.JPG,54.0,['~']
test_images,DSC_0061.JPG,54.0,['ax']
test_images,DSC_0061.JPG,32.0,['a']
test_images,DSC_0061.JPG,31.0,['AS']
test_images,DSC_0061.JPG,41.0,['+']
test_images,DSC_0061.JPG,11.0,['“3']
test_images,DSC_0061.JPG,42.0,['5']
test_images,DSC_0061.JPG,51.0,['x']
test_images,DSC_0061.JPG,26.0,['>']
test_images,DSC_0061.JPG,14.0,['U']
test_images,DSC_0061.JPG,26.0,['Mr']
test_images,DSC_0061.JPG,32.0,"['€,']"
test_images,DSC_0061.JPG,39.0,['if']
test_images,DSC_0061.JPG,8.0,['J']
test_images,DSC_0061.JPG,3.0,['So']
test_images,DSC_0061.JPG,43.0,['N']
test_images,DSC_0061.JPG,63.0,"['2,']"
test_images,DSC_0061.JPG,0.0,['LA']
test_images,DSC_0061.JPG,40.0,['SE']
test_images,DSC_0061.JPG,45.0,['ZEN']
test_images,DSC_0061.JPG,16.0,['ri']
test_images,DSC_0061.JPG,0.0,['“']
test_images,DSC_0061.JPG,26.0,['x']
test_images,DSC_0061.JPG,21.0,['ER']
test_images,DSC_0061.JPG,0.0,['7']
test_images,DSC_0061.JPG,53.0,['has']
test_images,DSC_0061.JPG,72.0,['72']
test_images,DSC_0061.JPG,18.0,['x']
test_images,DSC_0061.JPG,42.0,['AS']
test_images,DSC_0061.JPG,53.0,['2']
test_images,DSC_0061.JPG,14.0,['“']
test_images,DSC_0061.JPG,44.0,['x.']
test_images,DSC_0061.JPG,67.5,"['\\', 'AR']"
test_images,DSC_0061.JPG,39.0,['3']
test_images,DSC_0061.JPG,20.0,['N']
test_images,DSC_0061.JPG,58.0,['1']
test_images,DSC_0061.JPG,62.0,['X']
test_images,DSC_0061.JPG,51.0,['x']
test_images,DSC_0061.JPG,26.0,['a']
test_images,DSC_0061.JPG,39.0,['wv']
test_images,DSC_0061.JPG,80.66666666666667,"['x', 'THEATER', 'AM']"
test_images,DSC_0061.JPG,76.0,['~']
test_images,DSC_0061.JPG,82.0,['M']
test_images,DSC_0061.JPG,33.0,['ALT)']
test_images,DSC_0061.JPG,29.0,['a']
test_images,DSC_0061.JPG,58.0,['2']
test_images,DSC_0061.JPG,14.0,['RB']
test_images,DSC_0061.JPG,46.0,['no']
test_images,DSC_0061.JPG,7.0,['Io']
test_images,DSC_0061.JPG,14.0,['SS']
test_images,DSC_0061.JPG,37.0,"[';', 'Ah']"
test_images,DSC_0061.JPG,14.0,['ce']
test_images,DSC_0061.JPG,0.0,['RZ']
test_images,DSC_0061.JPG,24.0,['Vi']
test_images,DSC_0061.JPG,12.5,"['DR', 'GES']"
test_images,DSC_0061.JPG,63.0,['al']
test_images,DSC_0061.JPG,79.0,['x0']
test_images,DSC_0061.JPG,20.0,['2?']
test_images,DSC_0061.JPG,15.0,['il']
test_images,DSC_0061.JPG,49.0,['a']
test_images,DSC_0061.JPG,4.0,['px”']
test_images,DSC_0061.JPG,70.5,"['ZEN', 'BEIM']"
test_images,DSC_0061.JPG,44.0,['AY']
test_images,DSC_0061.JPG,21.0,"['ct', 'ON']"
test_images,DSC_0061.JPG,48.0,['MANOVASM']
test_images,DSC_0061.JPG,0.0,['NNe']
test_images,DSC_0061.JPG,60.0,['(Q']
test_images,DSC_0061.JPG,93.0,['NACHT']
test_images,DSC_0061.JPG,82.0,['44']
test_images,DSC_0061.JPG,64.0,['{RA']
test_images,DSC_0061.JPG,0.0,['>']
test_images,DSC_0061.JPG,89.0,['et']
test_images,DSC_0061.JPG,30.0,['WO']
test_images,DSC_0061.JPG,17.0,"['u', 'PS']"
test_images,DSC_0061.JPG,89.5,"['E', 'ACT']"
test_images,DSC_0061.JPG,81.0,['eV']
test_images,DSC_0061.JPG,58.5,"['g', 'UV']"
test_images,DSC_0061.JPG,48.0,['pCl']
test_images,DSC_0061.JPG,22.5,"['sg', 'A']"
test_images,DSC_0061.JPG,26.0,['KOMOLL']
test_images,DSC_0061.JPG,88.0,['RO']
test_images,DSC_0061.JPG,76.0,['gLIX']
test_images,DSC_0061.JPG,52.0,"['8', 'Ff']"
test_images,DSC_0061.JPG,83.0,['AM']
test_images,DSC_0061.JPG,89.5,"['BUBBA', 'HO-TEP']"
test_images,DSC_0061.JPG,22.0,['ic']
test_images,DSC_0061.JPG,64.0,['WA']
test_images,DSC_0061.JPG,72.0,['AV']
test_images,DSC_0061.JPG,83.0,['ZUSTRA']
test_images,DSC_0061.JPG,92.0,['SPRA']
test_images,DSC_0061.JPG,95.66666666666667,"['CHEN', 'GUTSCHEIN', 'VON']"
test_images,DSC_0061.JPG,81.0,"['„EDES', 'TICKET']"
test_images,DSC_0061.JPG,48.0,['Ww']
test_images,DSC_0061.JPG,67.71428571428571,"['M', 'THEATER', 'AM', 'RAND', 'IN', 'ZOLLBRUCKE,', 'ODERAUE!']"
test_images,DSC_0061.JPG,83.5,"['VALGELANDE', 'BEI']"
test_images,DSC_0061.JPG,25.0,"['y', 'FEST']"
test_images,DSC_0061.JPG,54.0,"['TICKETS', 'BHLETY']"
test_images,DSC_0061.JPG,25.0,['be']
test_images,DSC_0061.JPG,24.0,['i']
test_images,DSC_0061.JPG,0.0,[':']
test_images,DSC_0061.JPG,46.0,"['LIEDERLAUSCHEN', '.de']"
test_images,DSC_0061.JPG,81.0,['N']
test_images,DSC_0061.JPG,47.0,['\\\\']
test_images,DSC_0061.JPG,29.0,['AN']
test_images,DSC_0061.JPG,28.0,['m']
test_images,DSC_0061.JPG,84.0,['MOZ']
test_images,DSC_0061.JPG,32.0,['=']
test_images,DSC_0061.JPG,19.0,['|']
test_images,DSC_0061.JPG,76.0,['\\']
test_images,DSC_0061.JPG,92.0,"['IAD', 'FREI']"
test_images,DSC_0061.JPG,47.0,['*']
test_images,DSC_0061.JPG,94.0,['N']
test_images,DSC_0061.JPG,78.0,['NALDE']
test_images,DSC_0061.JPG,69.0,['Li']
test_images,DSC_0061.JPG,37.0,['As']
test_images,DSC_0061.JPG,95.0,"['WAKE', 'UP']"
test_images,DSC_0061.JPG,51.0,['BLE']
test_images,DSC_0061.JPG,61.0,['SF']
test_images,DSC_0061.JPG,23.0,['a.']
test_images,DSC_0061.JPG,75.0,['»']
test_images,DSC_0061.JPG,53.0,"['fiitz-kola,']"
test_images,DSC_0061.JPG,56.0,['vo']
test_images,DSC_0061.JPG,0.0,['$']
test_images,DSC_0061.JPG,30.0,['Ar']
test_images,DSC_0061.JPG,52.0,['A']
test_images,DSC_0061.JPG,24.0,['BS']
test_images,DSC_0061.JPG,54.0,['3']
test_images,DSC_0061.JPG,29.0,['x']
test_images,DSC_0061.JPG,80.0,['-']
test_images,DSC_0061.JPG,62.0,['(']
test_images,DSC_0061.JPG,15.0,"[':', '4']"
test_images,DSC_0061.JPG,0.0,['Bl']
test_images,DSC_0061.JPG,49.0,['7']
test_images,DSC_0061.JPG,32.0,['wil']
test_images,DSC_0061.JPG,32.0,['TOS']
test_images,DSC_0061.JPG,4.0,['v']
test_images,DSC_0061.JPG,24.0,['7']
test_images,DSC_0061.JPG,29.0,['W“']
test_images,DSC_0061.JPG,19.0,['Ws']
test_images,DSC_0061.JPG,31.0,['ah']
test_images,DSC_0061.JPG,34.0,['he']
test_images,DSC_0061.JPG,22.0,['*.']
test_images,DSC_0061.JPG,25.0,['4']
test_images,DSC_0061.JPG,0.0,['DE']
test_images,DSC_0061.JPG,60.0,['w']
test_images,DSC_0061.JPG,22.0,['Ds']
test_images,DSC_0061.JPG,0.0,['7']
test_images,DSC_0061.JPG,0.0,['N']
test_images,DSC_0061.JPG,45.0,['Sa!']
test_images,DSC_0061.JPG,65.0,['AZ']
test_images,DSC_0068.JPG,12.0,['SE']
test_images,DSC_0068.JPG,36.5,"['i', 'eee', 'SH', 'i']"
test_images,DSC_0068.JPG,0.0,['NO']
test_images,DSC_0068.JPG,44.0,['ni']
test_images,DSC_0068.JPG,22.0,['a']
test_images,DSC_0068.JPG,61.0,['po']
test_images,DSC_0068.JPG,90.0,"['2', 'CUT']"
test_images,DSC_0068.JPG,53.0,['Gh']
test_images,DSC_0068.JPG,81.0,['43']
test_images,DSC_0068.JPG,51.0,['1']
test_images,DSC_0068.JPG,36.0,['+']
test_images,DSC_0068.JPG,64.0,['wh']
test_images,DSC_0068.JPG,28.0,['8']
test_images,DSC_0068.JPG,0.0,['$5']
test_images,DSC_0068.JPG,8.0,['„(%']
test_images,DSC_0068.JPG,80.0,['%']
test_images,DSC_0068.JPG,26.0,"['&', 'A']"
test_images,DSC_0068.JPG,31.0,['\\']
test_images,DSC_0068.JPG,0.0,['8']
test_images,DSC_0068.JPG,90.0,['A']
test_images,DSC_0068.JPG,62.0,['U']
test_images,DSC_0068.JPG,0.0,['El']
test_images,DSC_0068.JPG,68.0,['*']
test_images,DSC_0068.JPG,19.0,['FAN']
test_images,DSC_0068.JPG,27.0,['2A)']
test_images,DSC_0068.JPG,57.0,['4']
test_images,DSC_0068.JPG,48.0,['Ay']
test_images,DSC_0068.JPG,21.0,['a']
test_images,DSC_0068.JPG,56.0,"['%', '¥']"
test_images,DSC_0068.JPG,28.0,"['Te', 'Siw']"
test_images,DSC_0068.JPG,59.0,['iy']
test_images,DSC_0068.JPG,27.0,['A']
test_images,DSC_0068.JPG,13.0,['x']
test_images,DSC_0068.JPG,45.0,['AM']
test_images,DSC_0068.JPG,34.0,['4']
test_images,DSC_0068.JPG,31.0,['$l']
test_images,DSC_0068.JPG,36.0,['=']
test_images,DSC_0068.JPG,15.0,"['SE,']"
test_images,DSC_0068.JPG,6.0,['Hi']
test_images,DSC_0068.JPG,96.0,['COMPANY']
test_images,DSC_0068.JPG,95.0,['CHRISTOPH']
test_images,DSC_0068.JPG,96.0,['WINKLER']
test_images,DSC_0068.JPG,29.0,['sl']
test_images,DSC_0068.JPG,31.0,['ay']
test_images,DSC_0068.JPG,74.0,['5']
test_images,DSC_0068.JPG,0.0,['©']
test_images,DSC_0068.JPG,3.0,['pie']
test_images,DSC_0068.JPG,26.5,"['mp', '58:7']"
test_images,DSC_0068.JPG,39.0,['3']
test_images,DSC_0068.JPG,60.0,['SOPHIE]']
test_images,DSC_0068.JPG,54.0,['J']
test_images,DSC_0068.JPG,38.0,['lL']
test_images,DSC_0068.JPG,60.0,"['SALE""']"
test_images,DSC_0068.JPG,64.0,['3']
test_images,DSC_0068.JPG,30.0,['=']
test_images,DSC_0068.JPG,21.0,['an“']
test_images,DSC_0068.JPG,36.0,['AU']
test_images,DSC_0068.JPG,0.0,['S']
test_images,DSC_0068.JPG,0.0,['Sn']
test_images,DSC_0068.JPG,44.0,['di']
test_images,DSC_0068.JPG,57.0,['—']
test_images,DSC_0068.JPG,5.0,['i.']
test_images,DSC_0068.JPG,1.0,['Sn']
test_images,DSC_0068.JPG,23.0,['Eth']
test_images,DSC_0068.JPG,44.0,['—']
test_images,DSC_0068.JPG,0.0,['©']
test_images,DSC_0068.JPG,36.0,['CN']
test_images,DSC_0068.JPG,32.0,['7']
test_images,DSC_0068.JPG,24.0,['panic']
test_images,DSC_0068.JPG,20.0,['ER']
test_images,DSC_0068.JPG,46.0,['=']
test_images,DSC_0068.JPG,34.0,['Bis']
test_images,DSC_0068.JPG,42.5,"['k', '4']"
test_images,DSC_0068.JPG,16.0,"['EN', 'Ton']"
test_images,DSC_0068.JPG,91.0,['=']
test_images,DSC_0068.JPG,56.0,['a']
test_images,DSC_0068.JPG,55.0,['%']
test_images,DSC_0068.JPG,42.0,['a']
test_images,DSC_0068.JPG,25.5,"['ns', 'Se']"
test_images,DSC_0068.JPG,75.33333333333333,"['“A', 'PERFORMATIVE', 'MIXTAPE']"
test_images,DSC_0068.JPG,95.33333333333333,"['OR', 'MARK', 'FISHER']"
test_images,DSC_0068.JPG,34.0,['beim']
test_images,DSC_0068.JPG,80.0,['A']
test_images,DSC_0068.JPG,39.0,"['""Ka']"
test_images,DSC_0068.JPG,69.0,['a']
test_images,DSC_0068.JPG,19.0,['ny']
test_images,DSC_0068.JPG,23.0,['ere']
test_images,DSC_0068.JPG,75.0,['1H']
test_images,DSC_0068.JPG,23.0,['TON']
test_images,DSC_0068.JPG,51.0,['DAR']
test_images,DSC_0068.JPG,96.0,['NZ']
test_images,DSC_0068.JPG,53.0,"['Ku,']"
test_images,DSC_0068.JPG,90.0,['STE']
test_images,DSC_0068.JPG,66.0,['§']
test_images,DSC_0068.JPG,66.0,['LE;']
test_images,DSC_0068.JPG,48.0,['Np']
test_images,DSC_0068.JPG,18.0,['Do']
test_images,DSC_0068.JPG,27.0,"['""”', 'FOTO', 'cater']"
test_images,DSC_0068.JPG,91.33333333333333,"['NOVEMBER', '12', '13']"
test_images,DSC_0068.JPG,94.0,['14']
test_images,DSC_0068.JPG,62.0,['*']
test_images,DSC_0068.JPG,0.0,['i']
test_images,DSC_0068.JPG,52.0,['4]']
test_images,DSC_0068.JPG,53.0,['A']
test_images,DSC_0068.JPG,9.0,['he']
test_images,DSC_0068.JPG,42.0,['FL']
test_images,DSC_0068.JPG,38.0,['A']
test_images,DSC_0068.JPG,43.0,['A']
test_images,DSC_0068.JPG,0.0,['—']
test_images,DSC_0068.JPG,93.5,"['20.00', 'UHR']"
test_images,DSC_0068.JPG,0.0,['5']
test_images,DSC_0068.JPG,90.0,"['tas,']"
test_images,DSC_0068.JPG,95.0,['7']
test_images,DSC_0068.JPG,70.0,['4']
test_images,DSC_0068.JPG,20.0,['A']
test_images,DSC_0068.JPG,21.0,['he']
test_images,DSC_0068.JPG,21.0,['a']
test_images,DSC_0068.JPG,15.0,['¥']
test_images,DSC_0068.JPG,13.0,['$']
test_images,DSC_0068.JPG,36.0,['v']
test_images,DSC_0068.JPG,38.0,['A']
test_images,DSC_0068.JPG,35.0,['Pe']
test_images,DSC_0068.JPG,31.0,['po']
test_images,DSC_0068.JPG,80.0,['2']
test_images,DSC_0068.JPG,56.0,['\\']
test_images,DSC_0068.JPG,48.0,['24']
test_images,DSC_0068.JPG,18.0,['i']
test_images,DSC_0068.JPG,16.0,['53']
test_images,DSC_0068.JPG,67.0,['1']
test_images,DSC_0068.JPG,39.0,['Sip']
test_images,DSC_0068.JPG,14.0,"['|', 'JE']"
test_images,DSC_0068.JPG,44.0,['+H']
test_images,DSC_0068.JPG,72.0,['=']
test_images,DSC_0068.JPG,40.0,['ag']
test_images,DSC_0068.JPG,50.0,['is']
test_images,DSC_0068.JPG,20.0,[':']
test_images,DSC_0068.JPG,69.0,['be']
test_images,DSC_0068.JPG,29.0,['SP']
test_images,DSC_0068.JPG,28.0,"['i', '%']"
test_images,DSC_0068.JPG,46.0,['Wy']
test_images,DSC_0068.JPG,37.0,['i']
test_images,DSC_0068.JPG,73.0,['i']
test_images,DSC_0068.JPG,73.0,['i']
test_images,DSC_0068.JPG,54.0,['4']
test_images,DSC_0068.JPG,29.0,['x']
test_images,DSC_0068.JPG,48.0,['7']
test_images,DSC_0068.JPG,2.0,['Ps']
test_images,DSC_0068.JPG,42.0,['=']
test_images,DSC_0068.JPG,16.0,['Cg:']
test_images,DSC_0068.JPG,39.0,['LA']
test_images,DSC_0068.JPG,22.0,['gi']
test_images,DSC_0068.JPG,66.0,['X']
test_images,DSC_0068.JPG,52.0,['vy']
test_images,DSC_0068.JPG,17.0,['Lh']
test_images,DSC_0068.JPG,23.0,['Ld']
test_images,DSC_0068.JPG,22.0,['IZ']
test_images,DSC_0068.JPG,15.0,['Se']
test_images,DSC_0068.JPG,36.0,['¢']
test_images,DSC_0068.JPG,62.0,['1']
test_images,DSC_0068.JPG,42.0,"['a', '4']"
test_images,DSC_0068.JPG,0.0,['A']
test_images,DSC_0068.JPG,0.0,['en']
test_images,DSC_0068.JPG,69.0,['A']
test_images,DSC_0068.JPG,0.0,['A']
test_images,DSC_0068.JPG,19.0,['Fr']
test_images,DSC_0068.JPG,56.0,['A']
test_images,DSC_0068.JPG,0.0,['fe']
test_images,DSC_0068.JPG,20.0,['i']
test_images,DSC_0068.JPG,38.0,['A']
test_images,DSC_0068.JPG,60.0,['f']
test_images,DSC_0068.JPG,71.0,['J']
test_images,DSC_0068.JPG,80.0,['2']
test_images,DSC_0068.JPG,23.0,['a)']
test_images,DSC_0068.JPG,14.0,['a']
test_images,DSC_0068.JPG,0.0,['b']
test_images,DSC_0068.JPG,43.0,['1']
test_images,DSC_0068.JPG,0.0,['.']
test_images,DSC_0068.JPG,0.0,['\\f']
test_images,DSC_0068.JPG,0.0,['i']
test_images,DSC_0068.JPG,18.0,['A']
test_images,DSC_0068.JPG,23.0,['Les']
test_images,DSC_0068.JPG,0.0,['!']
test_images,DSC_0068.JPG,40.0,['+']
test_images,DSC_0068.JPG,1.0,['8']
test_images,DSC_0068.JPG,37.0,['rg']
test_images,DSC_0068.JPG,20.0,['im']
test_images,DSC_0068.JPG,12.0,['[5']
test_images,DSC_0068.JPG,54.0,['Ay']
test_images,DSC_0068.JPG,25.0,['|']
test_images,DSC_0068.JPG,41.0,['A}']
test_images,DSC_0068.JPG,31.4,"['A', 'as', '2', 'we', 'mm']"
test_images,DSC_0068.JPG,24.0,['ETRE...']
test_images,DSC_0068.JPG,7.0,['a']
test_images,DSC_0068.JPG,13.0,['=...']
test_images,DSC_0068.JPG,0.0,['W']
test_images,DSC_0068.JPG,54.0,['Vv']
test_images,DSC_0068.JPG,41.0,['7']
test_images,DSC_0068.JPG,25.0,"['LE""']"
test_images,DSC_0068.JPG,26.0,['N.']
test_images,DSC_0068.JPG,47.0,['X']
test_images,DSC_0068.JPG,46.0,['A']
test_images,DSC_0068.JPG,16.0,['\\']
test_images,DSC_0068.JPG,61.0,['i']
test_images,DSC_0068.JPG,31.0,['EJ']
test_images,DSC_0068.JPG,0.0,['N17']
test_images,DSC_0068.JPG,22.0,['x']
test_images,DSC_0068.JPG,38.0,['10a']
test_images,DSC_0068.JPG,0.0,[']']
test_images,DSC_0068.JPG,25.0,"[',']"
test_images,DSC_0068.JPG,48.0,['>']
test_images,DSC_0068.JPG,14.0,['A']
test_images,DSC_0068.JPG,34.0,['„A']
test_images,DSC_0068.JPG,0.0,['CC']
test_images,DSC_0068.JPG,0.0,['ed']
test_images,DSC_0068.JPG,43.0,['A']
test_images,DSC_0068.JPG,76.0,['4']
test_images,DSC_0068.JPG,0.0,"[""I'S""]"
test_images,DSC_0068.JPG,62.0,['A']
test_images,DSC_0068.JPG,76.0,['7']
test_images,DSC_0068.JPG,48.0,['A']
test_images,DSC_0068.JPG,36.0,['0']
test_images,DSC_0068.JPG,27.0,['CAL']
test_images,DSC_0068.JPG,65.0,['+']
test_images,DSC_0068.JPG,24.0,['LK']
test_images,DSC_0068.JPG,39.0,"['¢', 'ha']"
test_images,DSC_0068.JPG,25.5,"['iy', '®']"
test_images,DSC_0068.JPG,19.0,['fr']
test_images,DSC_0068.JPG,47.0,['|']
test_images,DSC_0068.JPG,19.0,['y']
test_images,DSC_0068.JPG,80.0,['(A']
test_images,DSC_0068.JPG,25.0,['CC']
test_images,DSC_0068.JPG,36.0,['Pp)']
test_images,DSC_0068.JPG,30.0,['|']
test_images,DSC_0068.JPG,44.0,['u']
test_images,DSC_0068.JPG,46.0,['Da']
test_images,DSC_0068.JPG,29.0,['|']
test_images,DSC_0068.JPG,17.0,['ge']
test_images,DSC_0068.JPG,31.0,['x']
test_images,DSC_0068.JPG,23.0,['La']
test_images,DSC_0068.JPG,44.0,['+']
test_images,IMG_2438.jpg,96.0,['Di']
test_images,IMG_2438.jpg,49.0,"['|', 'gu']"
test_images,IMG_2438.jpg,65.0,['ra']
test_images,IMG_2438.jpg,91.0,['ST-']
test_images,IMG_2438.jpg,1.0,['J']
test_images,IMG_2438.jpg,67.0,"['RLIN', 'BIE']"
test_images,IMG_2438.jpg,28.0,['ee']
test_images,IMG_2438.jpg,26.0,['ln']
test_images,IMG_2438.jpg,17.0,['|']
test_images,IMG_2438.jpg,26.0,['fi']
test_images,IMG_2438.jpg,32.0,['Cs']
test_images,IMG_2438.jpg,91.0,"['PREMIERE', '20', 'NOV', '2020']"
test_images,IMG_2438.jpg,12.0,['L']
test_images,IMG_2438.jpg,42.0,['[']
test_images,IMG_2438.jpg,80.0,['|']
test_images,IMG_2438.jpg,76.0,['A']
test_images,IMG_2438.jpg,59.0,"['21/22', 'NOV.+', '03/04', '/', '05']"
test_images,IMG_2438.jpg,83.5,"['0', 'DEZ']"
test_images,IMG_2438.jpg,15.0,['Xr']
test_images,IMG_2438.jpg,24.0,['(fl']
test_images,IMG_2438.jpg,30.0,['iF']
test_images,IMG_2438.jpg,48.0,"['Pe', '|']"
test_images,IMG_2438.jpg,51.0,['Foc']
test_images,IMG_2438.jpg,76.0,['-']
test_images,IMG_2438.jpg,0.0,['mw']
test_images,IMG_2438.jpg,69.0,['A']
test_images,IMG_2438.jpg,71.0,['A']
test_images,IMG_2438.jpg,59.0,['x']
test_images,IMG_2438.jpg,32.0,"['DE,']"
test_images,IMG_2438.jpg,17.0,['x']
test_images,IMG_2438.jpg,0.0,['g']
test_images,IMG_2438.jpg,0.0,['£']
test_images,IMG_2438.jpg,3.0,['RT']
test_images,IMG_2438.jpg,89.0,['2']
test_images,IMG_2438.jpg,41.0,['4']
test_images,IMG_2438.jpg,36.0,['AS']
test_images,IMG_2438.jpg,9.0,"['ye', '——.']"
test_images,IMG_2438.jpg,4.0,['LT']
test_images,IMG_2438.jpg,65.0,['2)']
test_images,IMG_2438.jpg,23.0,['>']
test_images,IMG_2438.jpg,10.0,['i)']
test_images,IMG_2438.jpg,38.0,['x']
test_images,IMG_2438.jpg,34.0,['2;']
test_images,IMG_2438.jpg,87.0,['4']
test_images,IMG_2438.jpg,32.0,['IER']
test_images,IMG_2438.jpg,47.0,['1']
test_images,IMG_2438.jpg,23.0,['Ea']
test_images,IMG_2438.jpg,52.0,['¥']
test_images,IMG_2438.jpg,78.0,['&']
test_images,IMG_2438.jpg,62.0,['F']
test_images,IMG_2438.jpg,72.0,['A']
test_images,IMG_2438.jpg,94.0,['|']
test_images,IMG_2438.jpg,0.0,['Pe']
test_images,IMG_2438.jpg,91.0,"['ES', 'FALLT', 'MI']"
test_images,IMG_2438.jpg,87.33333333333333,"['\\MMER', 'SO', 'SCHWER,']"
test_images,IMG_2438.jpg,53.666666666666664,"['7', '>', 'J']"
test_images,IMG_2438.jpg,90.0,"['„ORTE', 'ZU', 'VERLASSEN,']"
test_images,IMG_2438.jpg,51.0,['AN']
test_images,IMG_2438.jpg,40.0,['vF']
test_images,IMG_2438.jpg,92.0,"['AN', 'DENEN']"
test_images,IMG_2438.jpg,27.0,['I']
test_images,IMG_2438.jpg,24.0,['po']
test_images,IMG_2438.jpg,50.0,['a']
test_images,IMG_2438.jpg,29.0,['v2']
test_images,IMG_2438.jpg,46.0,['A']
test_images,IMG_2438.jpg,81.6,"['""ICH', 'NOCH', 'NIE', 'WAR', '4']"
test_images,IMG_2438.jpg,15.0,['x']
test_images,IMG_2438.jpg,70.0,['&']
test_images,IMG_2438.jpg,96.0,['ur']
test_images,IMG_2438.jpg,33.0,"['[10', 'pn', 'a']"
test_images,IMG_2438.jpg,93.66666666666667,"['VON', 'MALTE', 'SCHLOSSER']"
test_images,IMG_2438.jpg,42.0,['—']
test_images,IMG_2438.jpg,27.666666666666668,"['FOTO:', 'Katy', 'FELDMEIgR']"
test_images,IMG_2438.jpg,96.0,['St']
test_images,IMG_2438.jpg,86.0,['rt']
test_images,IMG_2438.jpg,67.0,['WY']
test_images,IMG_2438.jpg,91.0,['Nt']
test_images,IMG_2438.jpg,58.333333333333336,"['|', '=.', '|']"
test_images,IMG_2438.jpg,41.0,['k']
test_images,IMG_2438.jpg,36.0,['I']
test_images,IMG_2438.jpg,0.0,['nn']
test_images,IMG_2438.jpg,61.0,['\\']
test_images,IMG_2438.jpg,37.0,['NT']
test_images,IMG_2438.jpg,80.0,['|']
test_images,IMG_2438.jpg,0.0,['}']
test_images,IMG_2438.jpg,52.0,['>']
test_images,IMG_2438.jpg,21.0,"['nr', 'dS']"
test_images,IMG_2438.jpg,10.0,['3']
test_images,IMG_2438.jpg,66.0,['AL']
test_images,IMG_2438.jpg,70.0,['|']
test_images,IMG_2438.jpg,0.0,['Ba']
test_images,IMG_2438.jpg,80.0,['4']
test_images,IMG_2438.jpg,36.0,"['mr', 'mrt', 'it']"
test_images,IMG_2438.jpg,45.0,['N.']
test_images,IMG_2438.jpg,22.0,['Carl)']
test_images,IMG_2438.jpg,22.0,['{es']
test_images,IMG_2438.jpg,15.0,['=)']
test_images,IMG_2438.jpg,26.5,"['ws', 'fe,']"
test_images,IMG_2438.jpg,50.0,['p=']
test_images,IMG_2438.jpg,18.0,['A']
test_images,IMG_2438.jpg,26.0,['“va']
test_images,IMG_2438.jpg,81.0,['==']
test_images,IMG_2438.jpg,7.0,['CL']
test_images,IMG_2438.jpg,34.0,['“x']
test_images,IMG_2438.jpg,11.333333333333334,"['Fo', 'PL', 'AT']"
test_images,IMG_2438.jpg,76.0,['~']
test_images,IMG_2438.jpg,22.0,['g']
test_images,IMG_2438.jpg,41.5,"['DE', 'm']"
test_images,IMG_2438.jpg,60.0,['A']
test_images,IMG_2438.jpg,49.0,['(>']
test_images,IMG_2438.jpg,27.5,"['gi', 'a']"
test_images,IMG_2438.jpg,91.0,['|']
test_images,IMG_2438.jpg,37.0,['AV']
test_images,IMG_2438.jpg,2.0,['A']
test_images,IMG_2438.jpg,42.0,"['>', 'BN']"
test_images,IMG_2438.jpg,53.0,['EF']
test_images,IMG_2438.jpg,56.0,['m']
test_images,IMG_2438.jpg,77.0,['Ä']
test_images,IMG_2438.jpg,35.0,['DA']
test_images,IMG_2438.jpg,28.0,['>']
test_images,IMG_2438.jpg,39.0,['Py']
test_images,IMG_2438.jpg,48.0,['7']
test_images,IMG_2438.jpg,32.0,['EZ']
test_images,IMG_2438.jpg,5.0,['Ge']
test_images,IMG_2438.jpg,33.0,['Joy.']
test_images,IMG_2438.jpg,43.0,['a']
test_images,IMG_2438.jpg,12.0,['=']
test_images,IMG_2438.jpg,28.0,['A']
test_images,IMG_2438.jpg,29.0,['oA']
test_images,IMG_2438.jpg,15.0,['oT']
test_images,IMG_2438.jpg,0.0,['—']
test_images,IMG_2438.jpg,67.0,['A']
test_images,IMG_2438.jpg,26.0,['HAA']
test_images,IMG_2438.jpg,24.0,['yd']
test_images,IMG_2438.jpg,52.0,['=']
test_images,IMG_2438.jpg,13.0,['pr']
test_images,IMG_2438.jpg,61.0,['A']
